Stock_,Open,High,Low,Close,Adj Close,Volume,Stock_Name
6/6/2014,55.25,60,55,55,55,7255100,ANET
6/9/2014,56.25,57,55,55.200001,55.200001,716900,ANET
6/10/2014,55.25,60,55.25,60,60,986800,ANET
6/11/2014,60,63.5,58.66,63.5,63.5,660500,ANET
6/12/2014,63.650002,67.830002,63.07,66,66,729300,ANET
6/13/2014,68.470001,72,67,69.580002,69.580002,1065700,ANET
6/16/2014,71.220001,71.5,67.635002,71.5,71.5,417000,ANET
6/17/2014,71.889999,72.629997,69,69.709999,69.709999,278600,ANET
6/18/2014,70.07,71,67.879997,68.959999,68.959999,208800,ANET
6/19/2014,68.029999,68.809998,64.510002,65.669998,65.669998,651600,ANET
6/20/2014,65.050003,68.5,64.5,65.150002,65.150002,294000,ANET
6/23/2014,65.019997,67.489998,65.019997,65.709999,65.709999,116500,ANET
6/24/2014,66.349998,66.75,63.869999,64.279999,64.279999,192800,ANET
6/25/2014,63.810001,65.358002,62,64.489998,64.489998,186200,ANET
6/26/2014,64.809998,64.809998,62.5,63.810001,63.810001,97100,ANET
6/27/2014,63.91,63.91,62.25,62.549999,62.549999,244700,ANET
6/30/2014,62.07,65.199997,62.07,62.389999,62.389999,232000,ANET
7/1/2014,66.970001,76.830002,66.099998,76,76,1658200,ANET
7/2/2014,78.739998,80.529999,73.199997,75.349998,75.349998,1126500,ANET
7/3/2014,76.440002,77.626999,74.099998,76.410004,76.410004,243900,ANET
7/7/2014,75.160004,77.290001,72.029999,72.169998,72.169998,316600,ANET
7/8/2014,71.93,72.050003,63.139999,69.43,69.43,1178700,ANET
7/9/2014,69.300003,72.900002,66.010002,71.900002,71.900002,372000,ANET
7/10/2014,67.519997,70.139999,67.124001,67.739998,67.739998,296800,ANET
7/11/2014,68.800003,70.5,68.349998,69.629997,69.629997,191700,ANET
7/14/2014,71.400002,72,68.529999,68.949997,68.949997,131000,ANET
7/15/2014,69.449997,70.559998,66,66.690002,66.690002,226100,ANET
7/16/2014,67.07,68,63.610001,64.529999,64.529999,247700,ANET
7/17/2014,63.889999,65.620003,63.110001,63.759998,63.759998,130200,ANET
7/18/2014,64.029999,64.900002,63.349998,64,64,123700,ANET
7/21/2014,64.129997,64.730003,63.009998,63.23,63.23,143700,ANET
7/22/2014,63.759998,66.959999,63.459999,65.510002,65.510002,235900,ANET
7/23/2014,65.889999,66.68,64.400002,64.82,64.82,147900,ANET
7/24/2014,65.110001,66.160004,63.77,64.25,64.25,182600,ANET
7/25/2014,64.150002,64.779999,62.509998,63.639999,63.639999,115600,ANET
7/28/2014,64.519997,64.543999,63.029999,63.41,63.41,67400,ANET
7/29/2014,63.59,64.050003,63.150002,63.849998,63.849998,106400,ANET
7/30/2014,64.480003,67.900002,63.970001,67.790001,67.790001,608100,ANET
7/31/2014,66.339996,67,65.110001,66.120003,66.120003,257700,ANET
8/1/2014,65.82,67.5,65.25,65.610001,65.610001,193700,ANET
8/4/2014,65.989998,69.5,65.68,69.230003,69.230003,255600,ANET
8/5/2014,68.830002,73,68.019997,72.089996,72.089996,402400,ANET
8/6/2014,71.379997,72.5,69.529999,70.82,70.82,225600,ANET
8/7/2014,71.769997,72.660004,71.183998,72.220001,72.220001,412600,ANET
8/8/2014,79.25,79.879997,71.5,72.029999,72.029999,1426400,ANET
8/11/2014,72.690002,73.400002,67.309998,69.860001,69.860001,740100,ANET
8/12/2014,69.480003,71.685997,69.480003,71.110001,71.110001,223000,ANET
8/13/2014,71.139999,71.970001,69.337997,69.839996,69.839996,273500,ANET
8/14/2014,69.730003,71.699997,68.800003,70.809998,70.809998,266600,ANET
8/15/2014,71.419998,71.419998,69.379997,69.82,69.82,141600,ANET
8/18/2014,70.849998,71.370003,69.25,70.510002,70.510002,175900,ANET
8/19/2014,70.739998,75.18,70.165001,75,75,478100,ANET
8/20/2014,74.330002,77.268997,72.901001,76.400002,76.400002,395900,ANET
8/21/2014,75.879997,78.389999,75.330002,77.349998,77.349998,435300,ANET
8/22/2014,76.489998,76.959999,75.25,75.620003,75.620003,177600,ANET
8/25/2014,76.050003,77.440002,74.809998,75.580002,75.580002,177400,ANET
8/26/2014,75.440002,76.769997,74.665001,76.169998,76.169998,162700,ANET
8/27/2014,75.989998,83.470001,75.970001,83.160004,83.160004,724200,ANET
8/28/2014,82.959999,83.889999,81.57,83.449997,83.449997,343300,ANET
8/29/2014,84.889999,85.789001,82.739998,83.849998,83.849998,330500,ANET
9/2/2014,85.139999,86.68,84.230003,86.099998,86.099998,329600,ANET
9/3/2014,87.160004,87.559998,84.910004,85.610001,85.610001,335300,ANET
9/4/2014,85.410004,89.300003,85.190002,87.489998,87.489998,322700,ANET
9/5/2014,87.419998,91.330002,86.129997,91.120003,91.120003,234800,ANET
9/8/2014,91.150002,93.940002,85.690002,87.660004,87.660004,740400,ANET
9/9/2014,88,88.882004,83.779999,84.279999,84.279999,339900,ANET
9/10/2014,84.989998,88.839996,83.139999,88.75,88.75,330800,ANET
9/11/2014,88.099998,90.889999,87.639999,88.75,88.75,180100,ANET
9/12/2014,88.889999,89.410004,85,86.269997,86.269997,195100,ANET
9/15/2014,87.32,88.25,82.540001,82.830002,82.830002,410000,ANET
9/16/2014,82.269997,85.339996,80.800003,84,84,268500,ANET
9/17/2014,84.790001,85.940002,83.220001,83.510002,83.510002,200800,ANET
9/18/2014,84.5,86.440002,84.029999,86.129997,86.129997,235500,ANET
9/19/2014,86.940002,87.650002,84.900002,87.650002,87.650002,522200,ANET
9/22/2014,86.889999,88.650002,83.559998,83.839996,83.839996,454400,ANET
9/23/2014,83.440002,86.309998,83.059998,84.470001,84.470001,294800,ANET
9/24/2014,83.199997,87.900002,83.199997,87.110001,87.110001,280400,ANET
9/25/2014,86.709999,88.440002,83.82,84.300003,84.300003,329500,ANET
9/26/2014,84.349998,85.915001,84.339996,85.129997,85.129997,289600,ANET
9/29/2014,84.459999,93.75,84,93.309998,93.309998,760300,ANET
9/30/2014,93.559998,94.839996,86.610001,88.330002,88.330002,1101300,ANET
10/1/2014,88.040001,88.529999,83.120003,84.059998,84.059998,602800,ANET
10/2/2014,84.449997,85.050003,79.620003,84.230003,84.230003,479400,ANET
10/3/2014,85.779999,87.110001,83.470001,85.730003,85.730003,344700,ANET
10/6/2014,85.980003,86.580002,82.809998,84.68,84.68,361500,ANET
10/7/2014,83.129997,84.480003,82.214996,82.809998,82.809998,450200,ANET
10/8/2014,84.330002,88.919998,83.040001,88.440002,88.440002,592400,ANET
10/9/2014,88.440002,90.25,84.654999,85.82,85.82,521100,ANET
10/10/2014,84.629997,86.709999,77.769997,78.129997,78.129997,1369300,ANET
10/13/2014,78.580002,79.620003,73.305,73.690002,73.690002,604200,ANET
10/14/2014,74,75.379997,70.300003,73.519997,73.519997,696200,ANET
10/15/2014,73,75.720001,71,75.050003,75.050003,604300,ANET
10/16/2014,74.489998,76.220001,73.400002,74.57,74.57,586700,ANET
10/17/2014,75.93,77.489998,75.870003,76.720001,76.720001,648100,ANET
10/20/2014,77.419998,79.25,75.419998,76.389999,76.389999,293000,ANET
10/21/2014,78.309998,78.379997,76.809998,77.510002,77.510002,348300,ANET
10/22/2014,78,78.150002,71.68,72.18,72.18,498800,ANET
10/23/2014,73.269997,75.389999,72.260002,73.839996,73.839996,507000,ANET
10/24/2014,73.800003,74.989998,72.75,74.93,74.93,279600,ANET
10/27/2014,74.699997,74.699997,73.099998,73.360001,73.360001,205300,ANET
10/28/2014,73.540001,74.306,72.559998,73.839996,73.839996,432600,ANET
10/29/2014,73.849998,75.599998,72.230003,73.029999,73.029999,318500,ANET
10/30/2014,73.300003,75,73.089996,73.889999,73.889999,307900,ANET
10/31/2014,74.839996,82.931999,74.599998,81.25,81.25,647600,ANET
11/3/2014,84.75,86,81.360001,85.690002,85.690002,501100,ANET
11/4/2014,85.690002,87.209999,82.559998,86.389999,86.389999,578400,ANET
11/5/2014,89.279999,89.889999,82.769997,84.120003,84.120003,760700,ANET
11/6/2014,85.419998,87.300003,83.199997,87.25,87.25,722000,ANET
11/7/2014,78.849998,81.050003,76.5,77.830002,77.830002,1650800,ANET
11/10/2014,78.025002,80.339996,76.610001,76.790001,76.790001,751000,ANET
11/11/2014,74.540001,79.379997,74,78.739998,78.739998,1486800,ANET
11/12/2014,78.739998,79.379997,76.5,77.239998,77.239998,570900,ANET
11/13/2014,77,78.75,76.230003,76.970001,76.970001,377700,ANET
11/14/2014,76.970001,77.739998,76.510002,77.690002,77.690002,324300,ANET
11/17/2014,76.639999,77.150002,75.82,76.699997,76.699997,371800,ANET
11/18/2014,76.699997,77.449997,76.309998,76.800003,76.800003,316300,ANET
11/19/2014,76.199997,77.309998,76.199997,77,77,381200,ANET
11/20/2014,76.370003,76.370003,74.669998,75.18,75.18,601000,ANET
11/21/2014,75.5,76.25,74.050003,74.150002,74.150002,422300,ANET
11/24/2014,74.25,74.690002,72.660004,72.940002,72.940002,425500,ANET
11/25/2014,73.330002,74.805,73,73.739998,73.739998,422000,ANET
11/26/2014,74.900002,77.899002,74.449997,76.150002,76.150002,528000,ANET
11/28/2014,76.68,76.925003,75.559998,75.870003,75.870003,206800,ANET
12/1/2014,74,75.349998,71.349998,71.580002,71.580002,733700,ANET
12/2/2014,71.470001,72.5,67.580002,69.419998,69.419998,1054700,ANET
12/3/2014,69.419998,72.959999,69.209999,72.629997,72.629997,1082700,ANET
12/4/2014,72.699997,74,71.660004,73.529999,73.529999,335900,ANET
12/5/2014,73.25,74.5,67.699997,68.239998,68.239998,1853000,ANET
12/8/2014,67.610001,67.610001,59.16,64.82,64.82,2972400,ANET
12/9/2014,63.599998,66.349998,63.419998,66.190002,66.190002,751900,ANET
12/10/2014,65.980003,66.300003,64.839996,65.169998,65.169998,632100,ANET
12/11/2014,65.5,68.160004,65.5,67.900002,67.900002,699500,ANET
12/12/2014,66.639999,68.708,66,67.949997,67.949997,636600,ANET
12/15/2014,67.18,67.889999,66.940002,67.389999,67.389999,498300,ANET
12/16/2014,67.029999,68.860001,66.559998,68.339996,68.339996,600000,ANET
12/17/2014,68.150002,69.400002,66.830002,67.279999,67.279999,606600,ANET
12/18/2014,67.860001,68.300003,66,66.769997,66.769997,1119800,ANET
12/19/2014,67.300003,68.919998,66.300003,66.529999,66.529999,629500,ANET
12/22/2014,66.099998,66.389999,63.610001,65.269997,65.269997,737700,ANET
12/23/2014,65.339996,65.900002,63.450001,64.699997,64.699997,539500,ANET
12/24/2014,64.910004,65.290001,64.410004,65,65,274400,ANET
12/26/2014,65.809998,65.809998,63.889999,65.25,65.25,385900,ANET
12/29/2014,65.220001,65.639999,61.220001,61.57,61.57,766800,ANET
12/30/2014,61.09,62.5,60.290001,60.639999,60.639999,604800,ANET
12/31/2014,60.700001,61.91,60.700001,60.759998,60.759998,357100,ANET
1/2/2015,60.759998,62.875,60.16,62.68,62.68,370500,ANET
1/5/2015,63,64.75,62.049999,63.799999,63.799999,469100,ANET
1/6/2015,64,64.910004,62.209999,63.810001,63.810001,360600,ANET
1/7/2015,64.389999,65.5,63.98,65.139999,65.139999,410000,ANET
1/8/2015,65.709999,66.830002,64.856003,66.120003,66.120003,474500,ANET
1/9/2015,66.029999,66.75,65.639999,66.419998,66.419998,252800,ANET
1/12/2015,66.080002,66.419998,65.400002,66.07,66.07,436400,ANET
1/13/2015,66.07,66.07,64.010002,65.269997,65.269997,618300,ANET
1/14/2015,64.5,65.139999,64,65.059998,65.059998,350200,ANET
1/15/2015,65.550003,65.82,63.014999,63.209999,63.209999,440500,ANET
1/16/2015,62.48,64.800003,62.200001,64.540001,64.540001,368300,ANET
1/20/2015,64.540001,65.669998,63.976002,65.470001,65.470001,281400,ANET
1/21/2015,65.470001,66.220001,64.07,64.279999,64.279999,253200,ANET
1/22/2015,64.080002,64.43,62.75,63.5,63.5,377200,ANET
1/23/2015,63.5,64.690002,62.82,63.41,63.41,470500,ANET
1/26/2015,63.41,64.349998,62.220001,64.349998,64.349998,311500,ANET
1/27/2015,63.889999,64.114998,62.77,63.619999,63.619999,166200,ANET
1/28/2015,64.099998,66.230003,63.709999,65.43,65.43,530800,ANET
1/29/2015,65.809998,66.870003,61.66,63.459999,63.459999,640900,ANET
1/30/2015,62.59,63.43,62.32,63.119999,63.119999,456800,ANET
2/2/2015,62.959999,63.790001,61.5,62.66,62.66,412300,ANET
2/3/2015,62.639999,63.330002,62.529999,62.709999,62.709999,241600,ANET
2/4/2015,61.5,61.973999,59.799999,60.860001,60.860001,660700,ANET
2/5/2015,60.860001,61.958,60.185001,60.5,60.5,250600,ANET
2/6/2015,60.400002,60.439999,56.110001,56.709999,56.709999,874000,ANET
2/9/2015,56.509998,60,56.501999,60,60,609800,ANET
2/10/2015,60,65.949997,59.630001,63.07,63.07,1226500,ANET
2/11/2015,62.560001,62.98,60.630001,61.509998,61.509998,341000,ANET
2/12/2015,61.950001,61.950001,60.080002,60.990002,60.990002,396800,ANET
2/13/2015,60.959999,63.939999,60.875,62.93,62.93,319600,ANET
2/17/2015,63.830002,64.900002,63.400002,63.990002,63.990002,229100,ANET
2/18/2015,63.860001,65.18,62.599998,65.18,65.18,362800,ANET
2/19/2015,65.489998,68,65.25,67.989998,67.989998,1186700,ANET
2/20/2015,72.209999,74,67.900002,68.5,68.5,3548000,ANET
2/23/2015,69.949997,71.400002,68.300003,69.050003,69.050003,1081300,ANET
2/24/2015,67.949997,68.5,66.25,66.349998,66.349998,1960600,ANET
2/25/2015,66.349998,68.080002,66.230003,67.029999,67.029999,995300,ANET
2/26/2015,67.379997,68.839996,67.150002,68.769997,68.769997,843000,ANET
2/27/2015,68.870003,70,68.5,69.209999,69.209999,728100,ANET
3/2/2015,69,69.889999,68.160004,69.07,69.07,530600,ANET
3/3/2015,69,70,68.010002,69.389999,69.389999,778900,ANET
3/4/2015,68.760002,69.18,67.120003,67.419998,67.419998,623200,ANET
3/5/2015,67.669998,69.610001,67.120003,69.279999,69.279999,703500,ANET
3/6/2015,68.5,68.910004,66.940002,67.889999,67.889999,548700,ANET
3/9/2015,68.110001,68.989998,67.690002,68.489998,68.489998,670000,ANET
3/10/2015,67.949997,68.519997,67.792,68.019997,68.019997,361700,ANET
3/11/2015,68.660004,68.989998,67.739998,68.790001,68.790001,495200,ANET
3/12/2015,68.410004,69.629997,67.93,68.93,68.93,428800,ANET
3/13/2015,68.739998,69.440002,68.550003,69.050003,69.050003,818300,ANET
3/16/2015,69,71.699997,68.860001,71.529999,71.529999,1230100,ANET
3/17/2015,71.75,74.230003,71.400002,73.650002,73.650002,1885200,ANET
3/18/2015,74.32,74.440002,72.739998,74.230003,74.230003,839900,ANET
3/19/2015,74,74.519997,72.599998,73.25,73.25,851200,ANET
3/20/2015,73.580002,73.720001,71.400002,71.900002,71.900002,2589400,ANET
3/23/2015,71.879997,73.209999,70.940002,72.650002,72.650002,540100,ANET
3/24/2015,71.290001,71.629997,70.019997,70.120003,70.120003,1072000,ANET
3/25/2015,70.550003,70.75,67.760002,68.720001,68.720001,705800,ANET
3/26/2015,67.389999,69.139999,66.93,68.830002,68.830002,614300,ANET
3/27/2015,68.190002,69.050003,67.519997,67.879997,67.879997,307700,ANET
3/30/2015,68.220001,68.660004,67.099998,68.519997,68.519997,332300,ANET
3/31/2015,68.389999,70.650002,67,70.529999,70.529999,611300,ANET
4/1/2015,69.779999,70.165001,68.190002,69.620003,69.620003,611200,ANET
4/2/2015,67.330002,67.5,65.519997,66.010002,66.010002,1741700,ANET
4/6/2015,66.150002,66.669998,65.275002,65.790001,65.790001,638400,ANET
4/7/2015,66,67.18,65.699997,66.160004,66.160004,410500,ANET
4/8/2015,66.25,66.5,64.800003,66.110001,66.110001,414300,ANET
4/9/2015,65.730003,67.220001,65.25,65.629997,65.629997,340200,ANET
4/10/2015,65.529999,65.730003,64.349998,65.25,65.25,547100,ANET
4/13/2015,65.470001,66.690002,65.43,66.139999,66.139999,420500,ANET
4/14/2015,66,67.25,66,66.32,66.32,388300,ANET
4/15/2015,66.559998,67.790001,66,67.790001,67.790001,526800,ANET
4/16/2015,67.510002,67.675003,65.519997,65.669998,65.669998,483500,ANET
4/17/2015,65.309998,65.690002,64.800003,64.970001,64.970001,488700,ANET
4/20/2015,65.370003,65.685997,63.650002,65.07,65.07,534600,ANET
4/21/2015,65.489998,67.239998,65.480003,65.870003,65.870003,431700,ANET
4/22/2015,65.860001,66.632004,65.220001,66.269997,66.269997,251400,ANET
4/23/2015,66.07,66.900002,65.449997,66.150002,66.150002,328900,ANET
4/24/2015,66.970001,69.459999,65.959999,66.389999,66.389999,319400,ANET
4/27/2015,66.75,66.949997,64.559998,64.599998,64.599998,394800,ANET
4/28/2015,64.82,66.370003,63.66,65.709999,65.709999,333600,ANET
4/29/2015,65.669998,66.139999,64.440002,64.760002,64.760002,602900,ANET
4/30/2015,64.559998,65,63.799999,64.010002,64.010002,349900,ANET
5/1/2015,64.080002,64.839996,63.25,64.709999,64.709999,279400,ANET
5/4/2015,64.239998,65.290001,63.779999,64.650002,64.650002,311800,ANET
5/5/2015,64.660004,65,63.5,63.82,63.82,261600,ANET
5/6/2015,64,64.57,63.16,63.529999,63.529999,317100,ANET
5/7/2015,63.470001,65.550003,63.470001,64.949997,64.949997,273300,ANET
5/8/2015,65.199997,66,65.019997,65.800003,65.800003,241100,ANET
5/11/2015,65.949997,67.769997,65.760002,67.650002,67.650002,287200,ANET
5/12/2015,67.019997,67.458,65.385002,65.849998,65.849998,783100,ANET
5/13/2015,66.199997,66.580002,66.029999,66.309998,66.309998,459100,ANET
5/14/2015,66.989998,69,66.099998,68.910004,68.910004,1353000,ANET
5/15/2015,66.379997,67.400002,64.050003,65.419998,65.419998,2127000,ANET
5/18/2015,65.400002,67.879997,65.125,67.730003,67.730003,740400,ANET
5/19/2015,67.879997,68.470001,67.050003,67.550003,67.550003,498400,ANET
5/20/2015,67.559998,67.919998,66.889999,67.480003,67.480003,482500,ANET
5/21/2015,67.5,68.449997,67.162003,67.910004,67.910004,511700,ANET
5/22/2015,67.879997,68.959999,67.760002,68.870003,68.870003,457800,ANET
5/26/2015,69,69.800003,68.32,68.75,68.75,1001000,ANET
5/27/2015,68.510002,68.970001,67.940002,68.169998,68.169998,445700,ANET
5/28/2015,68.260002,69.400002,68,69.050003,69.050003,405500,ANET
5/29/2015,69.120003,69.910004,68.779999,69.910004,69.910004,795500,ANET
6/1/2015,69.949997,70,69.239998,69.809998,69.809998,504000,ANET
6/2/2015,69.68,71.75,69.129997,71.610001,71.610001,786900,ANET
6/3/2015,72.080002,74.870003,71.751999,74.849998,74.849998,1717100,ANET
6/4/2015,74.559998,74.940002,73.642998,73.989998,73.989998,679800,ANET
6/5/2015,73.599998,77.900002,73.5,77.089996,77.089996,1422600,ANET
6/8/2015,78.150002,79.419998,77.080002,78.730003,78.730003,1136400,ANET
6/9/2015,78.889999,79.809998,78.260002,79.779999,79.779999,661700,ANET
6/10/2015,79.779999,81.489998,78.559998,81.010002,81.010002,1277700,ANET
6/11/2015,81.5,81.714996,79.540001,80.339996,80.339996,602400,ANET
6/12/2015,79.910004,81.699997,78.681999,81.160004,81.160004,758500,ANET
6/15/2015,80.940002,83.949997,80.360001,83.239998,83.239998,992700,ANET
6/16/2015,83.440002,85.839996,83.360001,84.970001,84.970001,974400,ANET
6/17/2015,85.860001,86.629997,84.18,85.720001,85.720001,878900,ANET
6/18/2015,86.160004,87.879997,85.959999,87.07,87.07,1070200,ANET
6/19/2015,87,87.480003,86.120003,86.709999,86.709999,1158400,ANET
6/22/2015,87.110001,88.300003,85.760002,87.68,87.68,793200,ANET
6/23/2015,87.550003,88.309998,86.900002,87.459999,87.459999,586600,ANET
6/24/2015,87.629997,88.559998,85.559998,87.209999,87.209999,741100,ANET
6/25/2015,87.660004,87.660004,85.059998,85.360001,85.360001,800100,ANET
6/26/2015,84.489998,84.830002,81.43,82.239998,82.239998,2823700,ANET
6/29/2015,81,83.269997,80.540001,80.959999,80.959999,1068000,ANET
6/30/2015,82,82.514999,81.32,81.739998,81.739998,646000,ANET
7/1/2015,82.599998,83.5,81.589996,81.839996,81.839996,599300,ANET
7/2/2015,82.190002,83,81.370003,81.860001,81.860001,511400,ANET
7/6/2015,81.519997,82.239998,80.099998,80.82,80.82,809800,ANET
7/7/2015,81,81.931999,76.620003,79.849998,79.849998,1006300,ANET
7/8/2015,79.389999,79.389999,77.010002,77.489998,77.489998,735500,ANET
7/9/2015,78.940002,79.400002,78,78.290001,78.290001,465200,ANET
7/10/2015,79.339996,80.75,78.75,80.529999,80.529999,397900,ANET
7/13/2015,81.190002,81.550003,78.510002,79.470001,79.470001,492700,ANET
7/14/2015,80.290001,82.07,79.5,81.550003,81.550003,478400,ANET
7/15/2015,81.360001,82.849998,81.349998,81.879997,81.879997,503100,ANET
7/16/2015,82.800003,84.610001,82.029999,83.93,83.93,782000,ANET
7/17/2015,84.290001,84.779999,83.800003,84.699997,84.699997,464900,ANET
7/20/2015,85,86.169998,83.480003,84.059998,84.059998,515600,ANET
7/21/2015,84.269997,84.68,83.07,83.580002,83.580002,350000,ANET
7/22/2015,83.029999,85.800003,82.68,85.199997,85.199997,573600,ANET
7/23/2015,85.199997,88.25,83.760002,84.190002,84.190002,817800,ANET
7/24/2015,84.900002,86.695,84.5,84.720001,84.720001,448400,ANET
7/27/2015,85.25,85.25,82.269997,82.739998,82.739998,349700,ANET
7/28/2015,82.959999,83.889999,80.410004,80.75,80.75,645600,ANET
7/29/2015,81.010002,81.919998,79.101997,80.410004,80.410004,734100,ANET
7/30/2015,80.540001,85.050003,79.889999,84.970001,84.970001,544800,ANET
7/31/2015,85.809998,85.830002,83.650002,84.470001,84.470001,591000,ANET
8/3/2015,84.290001,84.709999,83.209999,84.629997,84.629997,399200,ANET
8/4/2015,84.139999,84.529999,82.285004,82.940002,82.940002,443700,ANET
8/5/2015,83.209999,85.599998,83.209999,84.589996,84.589996,446000,ANET
8/6/2015,84.059998,84.877998,81.239998,81.580002,81.580002,1203000,ANET
8/7/2015,82.660004,87.599998,81.68,84.080002,84.080002,2246300,ANET
8/10/2015,84.5,85.5,81.699997,83.519997,83.519997,792400,ANET
8/11/2015,82.790001,83.610001,78.410004,79.519997,79.519997,793000,ANET
8/12/2015,79.120003,80.93,78.013,80.349998,80.349998,597800,ANET
8/13/2015,80.449997,81.970001,80.360001,81.389999,81.389999,327200,ANET
8/14/2015,81.220001,81.989998,79.910004,80.800003,80.800003,345300,ANET
8/17/2015,79.779999,82.57,79.440002,81.980003,81.980003,334100,ANET
8/18/2015,81.989998,81.989998,79.839996,79.879997,79.879997,400400,ANET
8/19/2015,78.32,80.580002,77.690002,79.540001,79.540001,395500,ANET
8/20/2015,79.260002,79.519997,73.989998,74.089996,74.089996,669300,ANET
8/21/2015,72.839996,76.300003,71.25,73.970001,73.970001,853100,ANET
8/24/2015,70.010002,71.620003,63.360001,71.620003,71.620003,1249900,ANET
8/25/2015,73.190002,74.940002,72.010002,72.050003,72.050003,407100,ANET
8/26/2015,73.669998,74.839996,72.5,74.669998,74.669998,548500,ANET
8/27/2015,75.099998,76.580002,74.290001,75.239998,75.239998,419900,ANET
8/28/2015,75.989998,76.900002,74.716003,76.370003,76.370003,295300,ANET
8/31/2015,75.919998,76.269997,74.220001,74.790001,74.790001,308000,ANET
9/1/2015,73.300003,74.519997,71.720001,71.910004,71.910004,629400,ANET
9/2/2015,73.010002,73.689003,70.5,73.199997,73.199997,704700,ANET
9/3/2015,73.75,74.860001,73.040001,73.959999,73.959999,589200,ANET
9/4/2015,73.129997,75.360001,73.129997,74.870003,74.870003,579400,ANET
9/8/2015,75.669998,78.769997,75.400002,78.260002,78.260002,803300,ANET
9/9/2015,78.5,78.5,73.790001,74.029999,74.029999,795800,ANET
9/10/2015,73.730003,74.389999,69.629997,69.879997,69.879997,1170000,ANET
9/11/2015,69.169998,69.209999,61.060001,64.459999,64.459999,3455200,ANET
9/14/2015,65.459999,66.480003,62.685001,63.189999,63.189999,1505600,ANET
9/15/2015,64.019997,65.260002,62.040001,63.5,63.5,981100,ANET
9/16/2015,64,64.389999,62.187,63.509998,63.509998,1066900,ANET
9/17/2015,63.759998,66,63.599998,64.730003,64.730003,1119000,ANET
9/18/2015,64.309998,67.93,64.302002,66.879997,66.879997,2298700,ANET
9/21/2015,67.720001,67.849998,65.110001,66.669998,66.669998,1139200,ANET
9/22/2015,65.610001,66.989998,65.089996,66.360001,66.360001,957900,ANET
9/23/2015,66.279999,66.440002,64.989998,65.519997,65.519997,845000,ANET
9/24/2015,65.540001,65.919998,63.599998,65,65,1051800,ANET
9/25/2015,65.290001,65.830002,63.119999,63.5,63.5,719700,ANET
9/28/2015,63.5,64.849998,61.330002,62.240002,62.240002,1191200,ANET
9/29/2015,62.529999,63.279999,60.095001,60.869999,60.869999,515600,ANET
9/30/2015,61.200001,61.549999,60.490002,61.189999,61.189999,500800,ANET
10/1/2015,61.119999,61.709999,59.700001,61,61,709800,ANET
10/2/2015,60.43,62.900002,60.380001,62.799999,62.799999,537100,ANET
10/5/2015,63.450001,64.410004,63.150002,63.91,63.91,679100,ANET
10/6/2015,63.740002,69,61.740002,67.379997,67.379997,1722000,ANET
10/7/2015,67.349998,68.959999,65.82,66.970001,66.970001,820500,ANET
10/8/2015,66.5,67.720001,65.589996,66.75,66.75,449000,ANET
10/9/2015,67.07,67.540001,65.402,67.209999,67.209999,399200,ANET
10/12/2015,67.260002,67.660004,65.800003,66.599998,66.599998,499400,ANET
10/13/2015,65.75,68.029999,65.559998,65.669998,65.669998,493200,ANET
10/14/2015,65.779999,66.050003,64.800003,64.93,64.93,464400,ANET
10/15/2015,66.230003,67.970001,65.68,67.300003,67.300003,488600,ANET
10/16/2015,67.449997,67.830002,66.800003,67.599998,67.599998,281400,ANET
10/19/2015,67.510002,67.910004,65.690002,65.949997,65.949997,308600,ANET
10/20/2015,65.879997,67.339996,64.279999,64.660004,64.660004,604700,ANET
10/21/2015,65.010002,65.309998,62.990002,64.470001,64.470001,463200,ANET
10/22/2015,64.389999,67.75,64.389999,67.129997,67.129997,515700,ANET
10/23/2015,67.800003,69,67.400002,68.400002,68.400002,608100,ANET
10/26/2015,68.199997,68.690002,67.400002,67.970001,67.970001,224400,ANET
10/27/2015,67.650002,68.720001,65.620003,65.900002,65.900002,392800,ANET
10/28/2015,65.959999,66.845001,65.059998,66.010002,66.010002,520900,ANET
10/29/2015,65.57,65.879997,64.431,65.160004,65.160004,585500,ANET
10/30/2015,65.599998,66.160004,64.099998,64.510002,64.510002,489300,ANET
11/2/2015,62.5,63.25,58.77,61.900002,61.900002,1177400,ANET
11/3/2015,61.900002,62.580002,60.259998,62.23,62.23,869300,ANET
11/4/2015,62.43,63.470001,62.242001,63,63,592700,ANET
11/5/2015,62.68,63.040001,61.415001,61.959999,61.959999,1227400,ANET
11/6/2015,65.050003,71.949997,64.800003,70.459999,70.459999,3089500,ANET
11/9/2015,71.040001,72.620003,65.540001,68.900002,68.900002,1231800,ANET
11/10/2015,68.400002,68.900002,67.800003,68.900002,68.900002,481800,ANET
11/11/2015,68.889999,68.970001,67.150002,67.25,67.25,424900,ANET
11/12/2015,66.970001,67.720001,65.459999,65.879997,65.879997,460600,ANET
11/13/2015,65.559998,66.370003,64.660004,65.190002,65.190002,438400,ANET
11/16/2015,65.110001,68,64.800003,67.879997,67.879997,424000,ANET
11/17/2015,67.889999,69.870003,67.589996,69.150002,69.150002,682400,ANET
11/18/2015,68.730003,69.739998,68.364998,69.690002,69.690002,483900,ANET
11/19/2015,69.440002,71.75,69.040001,71.43,71.43,541100,ANET
11/20/2015,71.540001,72.730003,71.209999,71.419998,71.419998,498500,ANET
11/23/2015,71.300003,74.300003,71.269997,73.970001,73.970001,679500,ANET
11/24/2015,73.389999,75,73.059998,74.68,74.68,483300,ANET
11/25/2015,74.519997,74.830002,73.019997,73.760002,73.760002,463600,ANET
11/27/2015,73.970001,73.970001,72.480003,73,73,138300,ANET
11/30/2015,73.580002,73.980003,72.75,73.519997,73.519997,415500,ANET
12/1/2015,73.730003,74.5,72.199997,74.300003,74.300003,295500,ANET
12/2/2015,74.519997,75.910004,74.120003,75.32,75.32,435000,ANET
12/3/2015,75.349998,75.980003,74.860001,75.220001,75.220001,541600,ANET
12/4/2015,75.129997,75.184998,72.589996,74.199997,74.199997,273900,ANET
12/7/2015,73.889999,74.889999,72.720001,74.220001,74.220001,380700,ANET
12/8/2015,73.260002,73.830002,71.57,73.199997,73.199997,455300,ANET
12/9/2015,73.419998,73.790001,71.589996,71.839996,71.839996,297900,ANET
12/10/2015,72.5,72.699997,69.769997,70.5,70.5,326000,ANET
12/11/2015,70,70.824997,67.349998,67.540001,67.540001,494400,ANET
12/14/2015,67.779999,72.709999,67.709999,70.379997,70.379997,1051400,ANET
12/15/2015,70.709999,72.315002,70,71.809998,71.809998,536400,ANET
12/16/2015,71.309998,72.300003,70.18,71.599998,71.599998,737900,ANET
12/17/2015,72.080002,73.610001,71.5,72.860001,72.860001,725300,ANET
12/18/2015,72.769997,73,69.910004,70.269997,70.269997,3478500,ANET
12/21/2015,70.669998,71.650002,70.160004,71.559998,71.559998,503600,ANET
12/22/2015,71.489998,73.57,71.139999,72.75,72.75,489100,ANET
12/23/2015,73.199997,74.779999,72.75,74.75,74.75,533700,ANET
12/24/2015,74.389999,75.209999,74.389999,75.010002,75.010002,273000,ANET
12/28/2015,74.589996,78.739998,74.510002,78.040001,78.040001,1227000,ANET
12/29/2015,78,79.440002,77.580002,78.699997,78.699997,825300,ANET
12/30/2015,78.419998,79.379997,78,78.75,78.75,660200,ANET
12/31/2015,78.220001,79.434998,77.730003,77.839996,77.839996,464600,ANET
1/4/2016,77.849998,78,75.760002,77.400002,77.400002,1037900,ANET
1/5/2016,78.18,79.224998,77.349998,78.279999,78.279999,816200,ANET
1/6/2016,77.529999,78.175003,72.220001,73.529999,73.529999,1331900,ANET
1/7/2016,72.199997,72.459999,67.760002,68.75,68.75,1005600,ANET
1/8/2016,69.839996,70.860001,68.190002,68.870003,68.870003,751100,ANET
1/11/2016,69.489998,69.489998,66.374001,68.010002,68.010002,592400,ANET
1/12/2016,68.82,69.669998,65.065002,66.480003,66.480003,585100,ANET
1/13/2016,66.940002,67.919998,63.810001,64.709999,64.709999,609700,ANET
1/14/2016,65.629997,66.330002,63.759998,65.389999,65.389999,643000,ANET
1/15/2016,64.029999,65.120003,62.200001,64.849998,64.849998,646400,ANET
1/19/2016,65.5,65.610001,61.869999,62.599998,62.599998,798000,ANET
1/20/2016,61.630001,63.43,59.450001,63.360001,63.360001,1019900,ANET
1/21/2016,63.150002,64.309998,62.035,62.540001,62.540001,583400,ANET
1/22/2016,63.310001,65.339996,63.242001,64.330002,64.330002,495300,ANET
1/25/2016,64.330002,64.349998,59.830002,59.900002,59.900002,1105500,ANET
1/26/2016,60.040001,61.380001,58.540001,60.009998,60.009998,1028300,ANET
1/27/2016,61.5,62.362999,60.740002,60.849998,60.849998,685100,ANET
1/28/2016,61.349998,61.630001,58.349998,59.450001,59.450001,795300,ANET
1/29/2016,59.959999,60.18,59.099998,60.029999,60.029999,795900,ANET
2/1/2016,59.560001,59.560001,57.009998,59.259998,59.259998,993200,ANET
2/2/2016,59,60.75,53.52,57.639999,57.639999,1668800,ANET
2/3/2016,58.779999,62.48,58.5,61.950001,61.950001,1429600,ANET
2/4/2016,61.869999,63.279999,61.59,62.369999,62.369999,703300,ANET
2/5/2016,62.049999,62.049999,59.029999,59.220001,59.220001,698800,ANET
2/8/2016,58.279999,58.470001,52.669998,53.959999,53.959999,1307800,ANET
2/9/2016,53.549999,54.994999,52.505001,53,53,980900,ANET
2/10/2016,53.529999,55.18,52.847,53.57,53.57,719800,ANET
2/11/2016,53.130001,54.900002,52.77,54.369999,54.369999,834500,ANET
2/12/2016,55,56.700001,54.669998,56.240002,56.240002,469200,ANET
2/16/2016,57.099998,59.330002,57.099998,59.150002,59.150002,960900,ANET
2/17/2016,59.5,61.119999,58.869999,59.860001,59.860001,769900,ANET
2/18/2016,60.139999,60.380001,57.73,58.150002,58.150002,1667100,ANET
2/19/2016,61.990002,67.25,61.57,65,65,4317300,ANET
2/22/2016,66,66.669998,65.050003,65.400002,65.400002,885300,ANET
2/23/2016,65.900002,67.059998,65.050003,65.959999,65.959999,701200,ANET
2/24/2016,66.349998,67.529999,65.07,67.43,67.43,803700,ANET
2/25/2016,67.720001,68.870003,66.529999,67.660004,67.660004,603200,ANET
2/26/2016,67.5,69.370003,67.230003,69.019997,69.019997,712700,ANET
2/29/2016,69.010002,69.989998,68.5,68.540001,68.540001,629100,ANET
3/1/2016,68.769997,69.269997,66.75,69.239998,69.239998,557800,ANET
3/2/2016,68.089996,68.190002,66.25,66.699997,66.699997,934700,ANET
3/3/2016,66.239998,67.592003,65.154999,67.099998,67.099998,1004800,ANET
3/4/2016,67.139999,67.699997,64.230003,64.25,64.25,994800,ANET
3/7/2016,64.160004,65.629997,63.060001,64.400002,64.400002,2063500,ANET
3/8/2016,64.190002,64.459999,61.759998,61.880001,61.880001,844900,ANET
3/9/2016,62.529999,64.089996,61.939999,63.740002,63.740002,737600,ANET
3/10/2016,63.610001,65.099998,60.360001,61.110001,61.110001,1048700,ANET
3/11/2016,61.419998,63.029999,61.200001,62.810001,62.810001,665600,ANET
3/14/2016,61.82,61.82,55.650002,56.529999,56.529999,3251500,ANET
3/15/2016,56.529999,57.32,56.02,56.099998,56.099998,1183300,ANET
3/16/2016,55.52,58.330002,55.000999,57.759998,57.759998,1193800,ANET
3/17/2016,57.540001,59.029999,56.25,58.509998,58.509998,822900,ANET
3/18/2016,58.459999,59.48,58.080002,58.369999,58.369999,864400,ANET
3/21/2016,58.75,61.330002,58.27,60.799999,60.799999,1370900,ANET
3/22/2016,60.09,60.659,59.41,59.509998,59.509998,707000,ANET
3/23/2016,59.48,60.689999,59,59.470001,59.470001,716700,ANET
3/24/2016,58.73,59.950001,58.419998,59.009998,59.009998,457200,ANET
3/28/2016,59.34,59.889999,58.439999,59.080002,59.080002,578500,ANET
3/29/2016,59.189999,62.41,57.889999,61.889999,61.889999,1074000,ANET
3/30/2016,62.689999,62.779999,61.150002,62.41,62.41,948000,ANET
3/31/2016,62.34,63.974998,61.77,63.099998,63.099998,607600,ANET
4/1/2016,62.369999,63,60.599998,62.139999,62.139999,846700,ANET
4/4/2016,62.200001,63.790001,61.950001,63.369999,63.369999,594600,ANET
4/5/2016,63.07,63.5,61.790001,62.619999,62.619999,600500,ANET
4/6/2016,62.919998,65,62.240002,64.940002,64.940002,722000,ANET
4/7/2016,64.68,65.199997,63.200001,64.120003,64.120003,670400,ANET
4/8/2016,64.540001,66.190002,63.990002,65.010002,65.010002,554500,ANET
4/11/2016,64.959999,65.199997,63.52,63.560001,63.560001,463600,ANET
4/12/2016,63.139999,63.594002,61.549999,61.869999,61.869999,651600,ANET
4/13/2016,62.580002,64.760002,61.890999,64.669998,64.669998,448300,ANET
4/14/2016,64.400002,64.959999,63.060001,64.489998,64.489998,283000,ANET
4/15/2016,63.869999,64.019997,62.650002,63.389999,63.389999,470000,ANET
4/18/2016,62.98,64.760002,62.400002,63.880001,63.880001,474800,ANET
4/19/2016,63.139999,63.823002,62.200001,63.049999,63.049999,645700,ANET
4/20/2016,62.880001,64.245003,61.830002,63.950001,63.950001,341700,ANET
4/21/2016,64.080002,64.080002,62.119999,63.220001,63.220001,412500,ANET
4/22/2016,63.689999,65.720001,63.014999,65.650002,65.650002,469800,ANET
4/25/2016,64.940002,66.410004,64.559998,65.910004,65.910004,598200,ANET
4/26/2016,65.870003,66.709999,65.400002,66,66,483900,ANET
4/27/2016,65.459999,66.839996,63.869999,66.730003,66.730003,605000,ANET
4/28/2016,66.120003,66.720001,65.593002,65.760002,65.760002,454200,ANET
4/29/2016,65.790001,66.830002,65.050003,66.620003,66.620003,667500,ANET
5/2/2016,67.050003,67.239998,66.010002,67.07,67.07,668900,ANET
5/3/2016,66.650002,66.650002,64.175003,64.269997,64.269997,590700,ANET
5/4/2016,63.790001,64.089996,61.849998,62.549999,62.549999,828300,ANET
5/5/2016,63.02,63.650002,62.139999,63.580002,63.580002,1150500,ANET
5/6/2016,65.419998,67.400002,62.009998,66.830002,66.830002,2363100,ANET
5/9/2016,66.809998,67.190002,64.889999,65.260002,65.260002,930400,ANET
5/10/2016,65.82,68.644997,65.720001,67.529999,67.529999,1278200,ANET
5/11/2016,67.230003,68.220001,67.019997,67.309998,67.309998,670000,ANET
5/12/2016,67.470001,67.470001,65.230003,66.57,66.57,823000,ANET
5/13/2016,66.150002,68,65.900002,67.459999,67.459999,824300,ANET
5/16/2016,67.360001,68.5,67.260002,68.010002,68.010002,823900,ANET
5/17/2016,67.980003,68.260002,66.800003,66.900002,66.900002,401900,ANET
5/18/2016,66.419998,68.860001,66.010002,68.029999,68.029999,831400,ANET
5/19/2016,68.010002,69.139999,67.464996,68.199997,68.199997,720000,ANET
5/20/2016,68.349998,70.25,68.237,70.120003,70.120003,926100,ANET
5/23/2016,69.68,72.425003,69.43,71.589996,71.589996,834400,ANET
5/24/2016,71.599998,72.5,71.029999,72.32,72.32,568600,ANET
5/25/2016,72.5,72.82,71.709999,71.959999,71.959999,617300,ANET
5/26/2016,71.669998,72.330002,71.269997,72.019997,72.019997,614100,ANET
5/27/2016,72,72.879997,71.129997,72.860001,72.860001,768300,ANET
5/31/2016,73,73.580002,72.599998,73.290001,73.290001,522300,ANET
6/1/2016,72.730003,74.18,72.099998,74.080002,74.080002,492300,ANET
6/2/2016,74.099998,74.900002,73.675003,74.900002,74.900002,609300,ANET
6/3/2016,74.900002,75.339996,74.209999,75.080002,75.080002,831200,ANET
6/6/2016,75,75.400002,74.300003,74.660004,74.660004,417400,ANET
6/7/2016,74.660004,74.989998,74,74.580002,74.580002,688900,ANET
6/8/2016,74.349998,75.199997,73.529999,74.82,74.82,646100,ANET
6/9/2016,74.68,75.32,74.18,75.120003,75.120003,484700,ANET
6/10/2016,74.589996,74.870003,72.849998,73.080002,73.080002,434800,ANET
6/13/2016,72.550003,72.900002,71.669998,72.209999,72.209999,677800,ANET
6/14/2016,72,72.639999,71.695,72.449997,72.449997,704800,ANET
6/15/2016,72.809998,73.459999,72.610001,73.080002,73.080002,666300,ANET
6/16/2016,72.690002,73.364998,71.889999,72.510002,72.510002,666300,ANET
6/17/2016,72.660004,73.199997,71.949997,72.059998,72.059998,580200,ANET
6/20/2016,73.150002,73.620003,72.324997,72.5,72.5,347200,ANET
6/21/2016,72.470001,72.730003,71.339996,72.620003,72.620003,454300,ANET
6/22/2016,72.480003,72.775002,69.709999,71.360001,71.360001,1155900,ANET
6/23/2016,72,73.82,71.580002,73.82,73.82,756200,ANET
6/24/2016,68.029999,71,66.400002,66.650002,66.650002,2178300,ANET
6/27/2016,63.18,63.5,60.509998,60.93,60.93,2730000,ANET
6/28/2016,61.650002,62.419998,60.560001,62,62,609400,ANET
6/29/2016,62.84,64.089996,62.099998,63.759998,63.759998,745800,ANET
6/30/2016,63.91,64.419998,62.919998,64.379997,64.379997,505600,ANET
7/1/2016,64.559998,65.129997,63.040001,63.66,63.66,612600,ANET
7/5/2016,63,63.59,62.209999,63.450001,63.450001,591100,ANET
7/6/2016,63.18,64.669998,62.77,64.629997,64.629997,889100,ANET
7/7/2016,64.720001,66.199997,64.720001,66,66,587500,ANET
7/8/2016,66.489998,68.220001,66.059998,67.730003,67.730003,624700,ANET
7/11/2016,68.660004,71.540001,68.660004,69.800003,69.800003,1257200,ANET
7/12/2016,70.559998,70.849998,69.980003,70.089996,70.089996,871200,ANET
7/13/2016,70.220001,70.989998,69.529999,70.260002,70.260002,951900,ANET
7/14/2016,70.489998,70.769997,69.120003,70,70,606200,ANET
7/15/2016,70.349998,70.440002,69.379997,69.989998,69.989998,442800,ANET
7/18/2016,70.230003,71.550003,70.120003,71.379997,71.379997,778300,ANET
7/19/2016,71.199997,71.639999,70.599998,70.959999,70.959999,359500,ANET
7/20/2016,70.959999,71.449997,69.639999,71.290001,71.290001,1103100,ANET
7/21/2016,71.419998,71.910004,70.290001,70.370003,70.370003,389300,ANET
7/22/2016,70.459999,71.362999,70.32,70.459999,70.459999,446000,ANET
7/25/2016,70.459999,71.540001,70.410004,71.169998,71.169998,512200,ANET
7/26/2016,71.18,71.769997,70.800003,70.989998,70.989998,634400,ANET
7/27/2016,71.5,71.5,70.129997,70.699997,70.699997,486500,ANET
7/28/2016,70.730003,70.846001,68.839996,69.620003,69.620003,719100,ANET
7/29/2016,69.629997,71.419998,69.230003,71.269997,71.269997,533700,ANET
8/1/2016,71.139999,72.440002,71.044998,72.120003,72.120003,547700,ANET
8/2/2016,72,72,69.949997,70.190002,70.190002,728200,ANET
8/3/2016,70.370003,71.360001,70.209999,71.300003,71.300003,539500,ANET
8/4/2016,71,72.309998,70.82,71.989998,71.989998,805100,ANET
8/5/2016,68.75,72.440002,68.75,71.75,71.75,1875900,ANET
8/8/2016,72.18,72.879997,71.839996,72.07,72.07,1047200,ANET
8/9/2016,72.379997,74.080002,72.18,74.059998,74.059998,900800,ANET
8/10/2016,73.800003,74.160004,73.25,74,74,474700,ANET
8/11/2016,74,76,73.824997,75.459999,75.459999,887900,ANET
8/12/2016,75.449997,75.889999,75.059998,75.779999,75.779999,571000,ANET
8/15/2016,75.540001,78.349998,75.269997,78.25,78.25,1294900,ANET
8/16/2016,77.989998,78.279999,76.830002,77.599998,77.599998,843700,ANET
8/17/2016,77.580002,77.839996,76.709999,77.339996,77.339996,652000,ANET
8/18/2016,77.800003,79.080002,77.800003,79.029999,79.029999,984400,ANET
8/19/2016,79.129997,79.699997,78.519997,79.120003,79.120003,776900,ANET
8/22/2016,78.690002,79.029999,77.169998,77.480003,77.480003,696400,ANET
8/23/2016,76.559998,78.279999,76.010002,78.040001,78.040001,920600,ANET
8/24/2016,78.389999,78.839996,77.349998,77.529999,77.529999,411800,ANET
8/25/2016,77.099998,78.879997,76.995003,78.790001,78.790001,527300,ANET
8/26/2016,78.5,79.489998,77.820999,78.989998,78.989998,551900,ANET
8/29/2016,78.809998,79.879997,78.620003,79.769997,79.769997,695600,ANET
8/30/2016,79.360001,80.480003,78.919998,79.690002,79.690002,718300,ANET
8/31/2016,79.709999,79.82,78.910004,79.68,79.68,489300,ANET
9/1/2016,79.93,80.389999,79.290001,79.669998,79.669998,672800,ANET
9/2/2016,80.080002,81.089996,79.300003,80.949997,80.949997,720600,ANET
9/6/2016,80.940002,81.690002,80.139999,81.190002,81.190002,488000,ANET
9/7/2016,80.879997,81.839996,80.716003,81.349998,81.349998,431000,ANET
9/8/2016,81.25,81.75,80.980003,81.349998,81.349998,339600,ANET
9/9/2016,80.900002,81.790001,79.739998,79.760002,79.760002,537800,ANET
9/12/2016,79.160004,81.260002,78.160004,80.900002,80.900002,528600,ANET
9/13/2016,80.5,81.239998,80.129997,80.730003,80.730003,597900,ANET
9/14/2016,80.739998,84.269997,80.730003,83.129997,83.129997,1804200,ANET
9/15/2016,82.529999,84.690002,82.190002,84.43,84.43,679400,ANET
9/16/2016,84.07,85.099998,83.699997,85.029999,85.029999,1174000,ANET
9/19/2016,83.480003,83.980003,81.300003,82.029999,82.029999,1026500,ANET
9/20/2016,82.300003,83.290001,81.610001,81.82,81.82,634400,ANET
9/21/2016,82.260002,83.860001,82.260002,83.769997,83.769997,434800,ANET
9/22/2016,84.400002,85.589996,84.274002,85.330002,85.330002,710900,ANET
9/23/2016,84.900002,85.940002,84.239998,85.720001,85.720001,705100,ANET
9/26/2016,84.970001,85.360001,84.380997,85.089996,85.089996,329800,ANET
9/27/2016,84.639999,86.32,84.639999,86.32,86.32,472600,ANET
9/28/2016,85.879997,86.349998,85.139999,85.760002,85.760002,792000,ANET
9/29/2016,85.790001,86.260002,84.404999,85.220001,85.220001,540900,ANET
9/30/2016,85.639999,85.860001,84.370003,85.080002,85.080002,711000,ANET
10/3/2016,84.910004,85.519997,84.580002,85.050003,85.050003,621900,ANET
10/4/2016,85.589996,85.785004,84.760002,85.25,85.25,406000,ANET
10/5/2016,85.809998,85.989998,84.879997,84.970001,84.970001,524200,ANET
10/6/2016,85.110001,85.5,84.559998,85.470001,85.470001,340400,ANET
10/7/2016,85.690002,85.75,84.820999,85.139999,85.139999,340500,ANET
10/10/2016,85.699997,87.620003,84.989998,86.529999,86.529999,1057900,ANET
10/11/2016,86.5,86.5,82.410004,83.010002,83.010002,639400,ANET
10/12/2016,82.800003,82.989998,81.739998,82.089996,82.089996,366200,ANET
10/13/2016,80.550003,81.089996,78.82,80.760002,80.760002,693700,ANET
10/14/2016,82,82.690002,79.75,80.449997,80.449997,495900,ANET
10/17/2016,80.489998,81.120003,79.720001,80.720001,80.720001,446300,ANET
10/18/2016,81.669998,81.82,80.82,80.860001,80.860001,235800,ANET
10/19/2016,80.760002,82.120003,80.169998,81.900002,81.900002,355800,ANET
10/20/2016,81.919998,82.120003,81.300003,81.860001,81.860001,235200,ANET
10/21/2016,81.650002,83.830002,80.879997,83.580002,83.580002,366400,ANET
10/24/2016,84.480003,84.650002,83.900002,84.029999,84.029999,258400,ANET
10/25/2016,84.620003,85.120003,84.209999,84.32,84.32,298500,ANET
10/26/2016,84,84.894997,83.860001,84.220001,84.220001,338300,ANET
10/27/2016,84.470001,84.699997,83.559998,84.610001,84.610001,532700,ANET
10/28/2016,84.459999,86.300003,83.779999,85.099998,85.099998,930700,ANET
10/31/2016,85.099998,85.800003,84.599998,84.75,84.75,685200,ANET
11/1/2016,84.370003,85.480003,83.120003,84.169998,84.169998,745900,ANET
11/2/2016,84.32,84.839996,82.540001,82.910004,82.910004,568700,ANET
11/3/2016,83.400002,83.919998,81.5,82.080002,82.080002,1033100,ANET
11/4/2016,80.900002,84.230003,79.050003,83.309998,83.309998,1839400,ANET
11/7/2016,84.620003,85.900002,83.949997,85.839996,85.839996,1274800,ANET
11/8/2016,86,86.580002,84.370003,86.07,86.07,843800,ANET
11/9/2016,83.830002,85.730003,82.5,85.400002,85.400002,837000,ANET
11/10/2016,86.239998,87.184998,84.690002,85.910004,85.910004,1079000,ANET
11/11/2016,85.830002,86.580002,84.730003,86.150002,86.150002,728300,ANET
11/14/2016,86.769997,88.260002,86.580002,87.830002,87.830002,1197100,ANET
11/15/2016,87.790001,88.879997,86,87.790001,87.790001,1009100,ANET
11/16/2016,87.769997,88.510002,86.639999,88.07,88.07,461500,ANET
11/17/2016,88.010002,88.525002,87.739998,88.040001,88.040001,275600,ANET
11/18/2016,88.529999,89.360001,87.82,87.980003,87.980003,537000,ANET
11/21/2016,89.260002,94.760002,89.260002,94.480003,94.480003,2402200,ANET
11/22/2016,94.480003,94.940002,94.07,94.779999,94.779999,854900,ANET
11/23/2016,94.75,95.470001,94.5,95.190002,95.190002,488800,ANET
11/25/2016,94.75,95,93.589996,94.660004,94.660004,365300,ANET
11/28/2016,95.059998,96.059998,94.110001,95.970001,95.970001,620100,ANET
11/29/2016,96,96.839996,95.290001,95.529999,95.529999,594000,ANET
11/30/2016,96.080002,96.68,94.540001,94.809998,94.809998,666500,ANET
12/1/2016,94.739998,96.25,92.100998,93.300003,93.300003,783700,ANET
12/2/2016,92.809998,94.93,92.059998,93.169998,93.169998,846100,ANET
12/5/2016,92.57,93.669998,91.93,92.75,92.75,768400,ANET
12/6/2016,93.050003,94.730003,92.330002,93.860001,93.860001,681900,ANET
12/7/2016,94.610001,98.220001,93.559998,97.870003,97.870003,1278500,ANET
12/8/2016,98.510002,98.790001,95.400002,95.760002,95.760002,664100,ANET
12/9/2016,96,96.620003,93.970001,94.410004,94.410004,512600,ANET
12/12/2016,93.519997,94,91.040001,93.139999,93.139999,908500,ANET
12/13/2016,93.239998,95.620003,93.239998,95.029999,95.029999,611800,ANET
12/14/2016,94.940002,98.900002,93.790001,97.879997,97.879997,1430200,ANET
12/15/2016,98.059998,98.334999,96.183998,96.790001,96.790001,988900,ANET
12/16/2016,96.769997,98.809998,96.370003,96.68,96.68,888700,ANET
12/19/2016,97.339996,98.779999,97.339996,97.940002,97.940002,926900,ANET
12/20/2016,97.830002,98.768997,97.75,98,98,554600,ANET
12/21/2016,98.059998,98.699997,97.860001,97.949997,97.949997,326300,ANET
12/22/2016,97.949997,98.550003,96.510002,96.860001,96.860001,479600,ANET
12/23/2016,96.839996,97.400002,96.559998,96.93,96.93,138700,ANET
12/27/2016,97.199997,98.741997,97.199997,97.82,97.82,448100,ANET
12/28/2016,98.050003,98.489998,96.57,97.25,97.25,434900,ANET
12/29/2016,97.239998,97.870003,96.220001,96.730003,96.730003,240000,ANET
12/30/2016,97.18,97.529999,96.459999,96.769997,96.769997,250200,ANET
1/3/2017,97.540001,98.290001,96.675003,97.059998,97.059998,548200,ANET
1/4/2017,97.489998,102.279999,97.449997,101.730003,101.730003,2121600,ANET
1/5/2017,101.989998,103,101.230003,101.940002,101.940002,976500,ANET
1/6/2017,102.110001,102.610001,100.669998,101.279999,101.279999,473800,ANET
1/9/2017,100.870003,100.934998,98.620003,99.519997,99.519997,752700,ANET
1/10/2017,99.940002,101.300003,99.559998,100.419998,100.419998,420600,ANET
1/11/2017,100.93,100.93,98.120003,99.470001,99.470001,484700,ANET
1/12/2017,99.989998,99.989998,96.440002,99,99,590400,ANET
1/13/2017,99.43,101.040001,99.43,100.269997,100.269997,367800,ANET
1/17/2017,94,94.339996,87.330002,88.230003,88.230003,4583300,ANET
1/18/2017,87.900002,91,87.669998,88.709999,88.709999,1240900,ANET
1/19/2017,89.379997,89.919998,88.669998,89.720001,89.720001,632300,ANET
1/20/2017,90.620003,90.900002,89.410004,89.800003,89.800003,732100,ANET
1/23/2017,89.809998,89.879997,87.541,89.669998,89.669998,743500,ANET
1/24/2017,90.199997,92.599998,90.150002,92.470001,92.470001,694900,ANET
1/25/2017,93.919998,94.75,92.07,93.080002,93.080002,497200,ANET
1/26/2017,93.059998,93.589996,91.639999,92.910004,92.910004,319200,ANET
1/27/2017,92.580002,93.940002,92.349998,93.779999,93.779999,349600,ANET
1/30/2017,93.620003,94.059998,92.425003,93.669998,93.669998,367500,ANET
1/31/2017,93.839996,94.199997,92.779999,94,94,407100,ANET
2/1/2017,94.169998,94.800003,92.879997,94.279999,94.279999,455300,ANET
2/2/2017,94.279999,95.639999,93.650002,94.879997,94.879997,588900,ANET
2/3/2017,95.029999,95.805,93.690002,95.519997,95.519997,441500,ANET
2/6/2017,95.260002,96.120003,94.93,95.510002,95.510002,358600,ANET
2/7/2017,95.610001,96.489998,95.010002,95.989998,95.989998,279700,ANET
2/8/2017,95.989998,98.389999,95.190002,97.459999,97.459999,519500,ANET
2/9/2017,97.459999,98.980003,97.449997,97.809998,97.809998,461100,ANET
2/10/2017,98.25,99.199997,97.269997,98.779999,98.779999,407300,ANET
2/13/2017,98.779999,100.449997,98.620003,99.900002,99.900002,843500,ANET
2/14/2017,99.889999,100.800003,99.349998,100.720001,100.720001,526300,ANET
2/15/2017,100.089996,101.32,99.589996,100.669998,100.669998,715500,ANET
2/16/2017,100.669998,102.190002,99.514999,100.169998,100.169998,1763300,ANET
2/17/2017,111,119.449997,110.309998,119.059998,119.059998,5910400,ANET
2/21/2017,118.949997,123.120003,118.559998,122.620003,122.620003,1664600,ANET
2/22/2017,121.300003,122.980003,120.75,121.800003,121.800003,859500,ANET
2/23/2017,122,122.489998,117.650002,117.849998,117.849998,1142000,ANET
2/24/2017,117,120.650002,115.855003,120.589996,120.589996,898300,ANET
2/27/2017,121.470001,121.68,119.879997,120.389999,120.389999,621400,ANET
2/28/2017,119.959999,120.949997,118.75,118.989998,118.989998,649100,ANET
3/1/2017,120,121.110001,118.779999,120.639999,120.639999,777900,ANET
3/2/2017,120.510002,121.75,119.339996,119.489998,119.489998,470000,ANET
3/3/2017,119.510002,120.260002,118.599998,119.970001,119.970001,501200,ANET
3/6/2017,118.970001,120.730003,117.950996,119.43,119.43,734200,ANET
3/7/2017,119.790001,122.599998,118.705002,121.080002,121.080002,931400,ANET
3/8/2017,121.510002,125,120.489998,123.529999,123.529999,1433300,ANET
3/9/2017,123.220001,124.5,121.790001,123.089996,123.089996,552200,ANET
3/10/2017,124.480003,124.489998,123.360001,124.169998,124.169998,581900,ANET
3/13/2017,125,127.639999,124.809998,127.470001,127.470001,1122000,ANET
3/14/2017,127.529999,127.836998,126.010002,127,127,729400,ANET
3/15/2017,128,128.490005,126.269997,128.279999,128.279999,1130100,ANET
3/16/2017,128.839996,128.929993,126.989998,127.139999,127.139999,895900,ANET
3/17/2017,127.519997,128.559998,126.797997,128.100006,128.100006,1025500,ANET
3/20/2017,129.690002,131.429993,129.460007,130.330002,130.330002,715200,ANET
3/21/2017,131.279999,131.320007,127.629997,127.970001,127.970001,1108800,ANET
3/22/2017,128.449997,130.75,128.257996,130.539993,130.539993,882200,ANET
3/23/2017,130.380005,131.119995,129.399994,130.080002,130.080002,560900,ANET
3/24/2017,131.059998,131.979996,130.031006,131.770004,131.770004,633500,ANET
3/27/2017,131.350006,132.550003,130.149994,132.179993,132.179993,546600,ANET
3/28/2017,132.259995,134.179993,132.100006,133.970001,133.970001,767000,ANET
3/29/2017,134.039993,134.649994,132.270004,133.300003,133.300003,517400,ANET
3/30/2017,133.710007,134.25,132.660004,132.809998,132.809998,408000,ANET
3/31/2017,132.990005,133.149994,131.649994,132.270004,132.270004,737700,ANET
4/3/2017,131.729996,132.460007,128.660004,131.699997,131.699997,1039200,ANET
4/4/2017,130.75,133.710007,130.199997,133.199997,133.199997,1021300,ANET
4/5/2017,133.899994,134.509995,133.259995,134,134,1571000,ANET
4/6/2017,133.529999,135.270004,132.544998,134.399994,134.399994,917200,ANET
4/7/2017,132.869995,133.699997,132.229996,132.449997,132.449997,611200,ANET
4/10/2017,132.449997,134.100006,132.050003,133.270004,133.270004,419600,ANET
4/11/2017,132.979996,134.25,131.470001,133.330002,133.330002,497300,ANET
4/12/2017,133.75,133.75,130.089996,131.470001,131.470001,726600,ANET
4/13/2017,131.850006,133.612,131.160004,131.360001,131.360001,326600,ANET
4/17/2017,131.410004,133.199997,131.119995,132.75,132.75,480700,ANET
4/18/2017,132.75,133.649994,132.080002,132.960007,132.960007,322400,ANET
4/19/2017,133.419998,134.800003,133.110001,133.830002,133.830002,450500,ANET
4/20/2017,135.149994,137.089996,134.039993,136.470001,136.470001,722200,ANET
4/21/2017,136.470001,136.75,135.020004,136.660004,136.660004,421600,ANET
4/24/2017,138.100006,139.389999,136.910004,139,139,669900,ANET
4/25/2017,139.199997,140.320007,138.660004,139.419998,139.419998,594900,ANET
4/26/2017,139.600006,139.979996,137.869995,139.360001,139.360001,704100,ANET
4/27/2017,137,139.839996,137,139.649994,139.649994,630000,ANET
4/28/2017,139.210007,139.960007,138.360001,139.639999,139.639999,924000,ANET
5/1/2017,139.509995,141.917999,138.610992,141.100006,141.100006,705700,ANET
5/2/2017,141.539993,141.910004,138.949997,141.190002,141.190002,949500,ANET
5/3/2017,140.990005,141.850006,139.710007,140.679993,140.679993,678900,ANET
5/4/2017,141.75,142.899994,138.380005,140.199997,140.199997,1610500,ANET
5/5/2017,138.949997,144.940002,135.210007,144.720001,144.720001,2258000,ANET
5/8/2017,145,147.550003,141.320007,142.75,142.75,890300,ANET
5/9/2017,143.509995,145.580002,142.619995,144.929993,144.929993,692700,ANET
5/10/2017,145.660004,146.029999,143.779999,145.429993,145.429993,713200,ANET
5/11/2017,145.009995,146.449997,144.259995,146.020004,146.020004,563600,ANET
5/12/2017,145.679993,147.149994,144.764999,146.820007,146.820007,476900,ANET
5/15/2017,147.389999,148.128998,146.509995,147.419998,147.419998,582100,ANET
5/16/2017,148.119995,148.600006,146.100006,147.449997,147.449997,1180900,ANET
5/17/2017,145.990005,146.869995,142.229996,142.360001,142.360001,907200,ANET
5/18/2017,140.929993,143.850006,138.800003,143.479996,143.479996,803900,ANET
5/19/2017,144.820007,145.399994,143.639999,144.070007,144.070007,621900,ANET
5/22/2017,143.419998,144.300003,142.246002,143.149994,143.149994,708100,ANET
5/23/2017,142.679993,144.029999,141.050003,143.199997,143.199997,814400,ANET
5/24/2017,143.589996,144.330002,143.210007,144.279999,144.279999,397900,ANET
5/25/2017,145,148.229996,144.860001,148.059998,148.059998,992100,ANET
5/26/2017,148.059998,148.399994,145.070007,146.449997,146.449997,619100,ANET
5/30/2017,146.449997,147.460007,145.5,147.220001,147.220001,653300,ANET
5/31/2017,147.800003,148.039993,145.330002,147.380005,147.380005,2609300,ANET
6/1/2017,147.509995,148.949997,144.309998,148.520004,148.520004,1573800,ANET
6/2/2017,148.630005,152.539993,148.130005,152.259995,152.259995,1281200,ANET
6/5/2017,152.259995,154.889999,152.259995,154.330002,154.330002,928500,ANET
6/6/2017,153.559998,157.268005,153.259995,155.350006,155.350006,648400,ANET
6/7/2017,156.240005,156.770004,154.850006,156.050003,156.050003,624900,ANET
6/8/2017,155.539993,157.320007,154.725006,157.270004,157.270004,585400,ANET
6/9/2017,157.559998,158.567993,147.009995,149.460007,149.460007,1015700,ANET
6/12/2017,147.479996,149.759995,143,149.759995,149.759995,1153700,ANET
6/13/2017,150.949997,153.369995,149.389999,151.779999,151.779999,630400,ANET
6/14/2017,151.850006,153.380005,148.925003,151.050003,151.050003,550600,ANET
6/15/2017,149.369995,151.330002,147.904999,151.229996,151.229996,539500,ANET
6/16/2017,152.369995,153.149994,151.050003,151.580002,151.580002,1558100,ANET
6/19/2017,153.449997,157.660004,153.449997,156.660004,156.660004,819100,ANET
6/20/2017,156.070007,157.899994,154.800003,155.029999,155.029999,585900,ANET
6/21/2017,155.360001,158.839996,155.244995,158.160004,158.160004,834100,ANET
6/22/2017,158,159.479996,156,158.779999,158.779999,540300,ANET
6/23/2017,159.080002,162.970001,158.899994,161.619995,161.619995,1527600,ANET
6/26/2017,161.740005,162.279999,156,157.779999,157.779999,913700,ANET
6/27/2017,157.380005,158.580994,152.520004,152.820007,152.820007,755900,ANET
6/28/2017,153.970001,155.820007,151.770996,155.270004,155.270004,738700,ANET
6/29/2017,154.779999,155.179993,147.710007,149.949997,149.949997,730700,ANET
6/30/2017,150.429993,151.210007,148.770004,149.789993,149.789993,547100,ANET
7/3/2017,151.059998,151.100006,146.350006,146.889999,146.889999,357800,ANET
7/5/2017,147.100006,149.520004,147.100006,148.619995,148.619995,920500,ANET
7/6/2017,146.5,147.679993,144.190002,145.429993,145.429993,634600,ANET
7/7/2017,146.050003,149.160004,146.050003,148.770004,148.770004,722600,ANET
7/10/2017,148.860001,150.779999,147.919998,149.350006,149.350006,672800,ANET
7/11/2017,149.570007,153.259003,149.570007,153.160004,153.160004,550400,ANET
7/12/2017,155,156.059998,154.270004,155.380005,155.380005,612700,ANET
7/13/2017,155.869995,156.639999,153.649994,154.770004,154.770004,375300,ANET
7/14/2017,155.020004,155.690002,154.119995,155.110001,155.110001,301000,ANET
7/17/2017,155.309998,155.679993,152.800003,155.220001,155.220001,372300,ANET
7/18/2017,154.850006,156.126007,154.009995,155.990005,155.990005,419400,ANET
7/19/2017,156.800003,159,156.729996,157.630005,157.630005,441500,ANET
7/20/2017,158.309998,158.610001,155.270004,156.800003,156.800003,374400,ANET
7/21/2017,151,154,149,152.919998,152.919998,1181300,ANET
7/24/2017,152.5,156.179993,152.020004,155.220001,155.220001,518600,ANET
7/25/2017,155.059998,158.070007,153.789993,158,158,405100,ANET
7/26/2017,158.350006,159,157,157.199997,157.199997,575600,ANET
7/27/2017,158.089996,158.789993,150.059998,152.039993,152.039993,745000,ANET
7/28/2017,151.050003,153.570007,149.410004,150.399994,150.399994,991900,ANET
7/31/2017,151.199997,151.764008,148.490005,149.289993,149.289993,1009900,ANET
8/1/2017,150.429993,150.429993,147.339996,147.800003,147.800003,717300,ANET
8/2/2017,148.960007,148.970001,142.660004,143.460007,143.460007,1162400,ANET
8/3/2017,143.820007,145.035004,141.779999,144.050003,144.050003,1926200,ANET
8/4/2017,167.600006,175.399994,166.5,172.050003,172.050003,4997700,ANET
8/7/2017,170.050003,176.5,169.520004,173.75,173.75,1650900,ANET
8/8/2017,173.690002,174.899994,169.929993,169.940002,169.940002,1171900,ANET
8/9/2017,168.990005,169.880005,167.110001,167.460007,167.460007,1119200,ANET
8/10/2017,167.009995,167.029999,160.940002,164.699997,164.699997,1491500,ANET
8/11/2017,164.529999,168.809998,163.410004,165.690002,165.690002,626300,ANET
8/14/2017,168.080002,170.690002,167.542007,169.800003,169.800003,639700,ANET
8/15/2017,171,171.990005,169.300003,170.589996,170.589996,567900,ANET
8/16/2017,170.600006,174.880005,170.203995,173.669998,173.669998,851500,ANET
8/17/2017,173.5,174.539993,170.220001,171.059998,171.059998,787300,ANET
8/18/2017,171,174.108994,169.940002,172.009995,172.009995,651900,ANET
8/21/2017,172,173.889999,169.850006,172.009995,172.009995,664600,ANET
8/22/2017,172.070007,175.990005,171.914993,175.25,175.25,840400,ANET
8/23/2017,174.440002,175.110001,172.339996,173.509995,173.509995,891800,ANET
8/24/2017,174.320007,176.380005,173.554993,175.110001,175.110001,633100,ANET
8/25/2017,175.639999,176.880005,173.589996,173.729996,173.729996,418400,ANET
8/28/2017,174.229996,175.759995,171.350006,174.110001,174.110001,523500,ANET
8/29/2017,172.429993,174.660004,171.550003,173.279999,173.279999,420100,ANET
8/30/2017,174.259995,178.350006,174.259995,177.949997,177.949997,574800,ANET
8/31/2017,178.690002,179.710007,175.350006,176.149994,176.149994,780200,ANET
9/1/2017,176.770004,177.630005,175.089996,177.490005,177.490005,436600,ANET
9/5/2017,176.740005,177.559998,173.660004,175.229996,175.229996,808800,ANET
9/6/2017,175.550003,176.449997,169.610001,172.729996,172.729996,835800,ANET
9/7/2017,173,174.050003,171.779999,173.649994,173.649994,482000,ANET
9/8/2017,173.330002,174.449997,172.059998,172.679993,172.679993,318000,ANET
9/11/2017,173.929993,176.095001,173.270004,175.309998,175.309998,391800,ANET
9/12/2017,175.639999,176.802994,172.820007,173.820007,173.820007,423200,ANET
9/13/2017,173.820007,175.130005,172.139999,174.889999,174.889999,656000,ANET
9/14/2017,173.949997,176.380005,173.740005,174.940002,174.940002,607500,ANET
9/15/2017,175.130005,177.889999,173.669998,176.960007,176.960007,1380500,ANET
9/18/2017,179,185.410004,178.889999,182.679993,182.679993,1134800,ANET
9/19/2017,183.929993,183.990005,181.050003,181.720001,181.720001,771000,ANET
9/20/2017,186.240005,188.720001,184.070007,188.490005,188.490005,973300,ANET
9/21/2017,188.169998,188.850006,184.479996,187.229996,187.229996,605800,ANET
9/22/2017,187.199997,192.080002,187.029999,191.050003,191.050003,906500,ANET
9/25/2017,192,193.240005,180.570007,180.830002,180.830002,1276100,ANET
9/26/2017,182.850006,186.979996,180.009995,182.660004,182.660004,650400,ANET
9/27/2017,184.759995,190.960007,184.759995,186.550003,186.550003,606400,ANET
9/28/2017,186.009995,188.229996,183.610001,187.550003,187.550003,585300,ANET
9/29/2017,188.25,189.899994,187.800003,189.610001,189.610001,446200,ANET
10/2/2017,190,191.850006,188.630005,190.429993,190.429993,465600,ANET
10/3/2017,190.919998,191.875,188.410004,189.419998,189.419998,314800,ANET
10/4/2017,189.419998,191.029999,187.559998,190.679993,190.679993,390600,ANET
10/5/2017,191.139999,191.960007,188.899994,190.360001,190.360001,360500,ANET
10/6/2017,190.110001,193.399994,189.800003,192.929993,192.929993,721800,ANET
10/9/2017,193.520004,196.270004,192.679993,193.369995,193.369995,489700,ANET
10/10/2017,194.759995,195.339996,191.089996,192.820007,192.820007,415500,ANET
10/11/2017,192.309998,193.514999,191.610001,192.949997,192.949997,335900,ANET
10/12/2017,192,193.110001,190.449997,191.210007,191.210007,509700,ANET
10/13/2017,192.880005,192.880005,190,191.139999,191.139999,620600,ANET
10/16/2017,192.139999,192.5,188.429993,188.789993,188.789993,521800,ANET
10/17/2017,188.860001,190.959,188.860001,190.610001,190.610001,355100,ANET
10/18/2017,190.940002,191.210007,188.559998,189.940002,189.940002,288700,ANET
10/19/2017,188.419998,190.130005,185.25,190.130005,190.130005,524200,ANET
10/20/2017,191.050003,192.949997,191.050003,191.679993,191.679993,324600,ANET
10/23/2017,192,194.240005,191.197998,191.570007,191.570007,464900,ANET
10/24/2017,192.649994,193.720001,190.369995,193.100006,193.100006,343400,ANET
10/25/2017,192.020004,193.339996,188.789993,189.610001,189.610001,457400,ANET
10/26/2017,190.940002,193.899994,190.744995,191.830002,191.830002,429900,ANET
10/27/2017,193.889999,196.675003,192.910004,195.649994,195.649994,556300,ANET
10/30/2017,196.25,200.820007,195.440002,196.160004,196.160004,835700,ANET
10/31/2017,197.330002,201.949997,196.899994,199.889999,199.889999,818400,ANET
11/1/2017,201.410004,201.410004,195.169998,197.259995,197.259995,993700,ANET
11/2/2017,197.5,197.5,177.919998,181.169998,181.169998,2758300,ANET
11/3/2017,201.835007,202.149994,192.75,201.490005,201.490005,3205100,ANET
11/6/2017,202.990005,207.350006,200.490005,206.679993,206.679993,1146100,ANET
11/7/2017,206.600006,214.990005,206.600006,209.559998,209.559998,1438300,ANET
11/8/2017,212.589996,216,211.020004,214.190002,214.190002,1214800,ANET
11/9/2017,213.350006,217.919998,211.199997,213.550003,213.550003,1010600,ANET
11/10/2017,213.600006,221.669998,213.300003,221.050003,221.050003,1160200,ANET
11/13/2017,221.729996,227.128998,221.729996,225.149994,225.149994,963300,ANET
11/14/2017,225.100006,228.860001,224.399994,227.100006,227.100006,632000,ANET
11/15/2017,226,228,221.160004,224.899994,224.899994,615900,ANET
11/16/2017,226.880005,233.335007,226.339996,231.770004,231.770004,849900,ANET
11/17/2017,232.460007,234.630005,229.468002,233.820007,233.820007,581300,ANET
11/20/2017,235,241.949997,234.910004,241.830002,241.830002,721000,ANET
11/21/2017,242.300003,245.649994,240.776001,241.429993,241.429993,954700,ANET
11/22/2017,241.449997,243.354996,238.160004,239.009995,239.009995,617300,ANET
11/24/2017,241.080002,243.429001,240.580002,242.059998,242.059998,298100,ANET
11/27/2017,241.699997,243.589996,238.449997,238.639999,238.639999,542600,ANET
11/28/2017,239,243.669998,238.199997,243.550003,243.550003,539900,ANET
11/29/2017,244.820007,244.899994,226.529999,234.210007,234.210007,1211100,ANET
11/30/2017,237.520004,238.033005,231.190002,233.119995,233.119995,838400,ANET
12/1/2017,232.5,233.220001,222.429993,228.649994,228.649994,1138600,ANET
12/4/2017,232.270004,233.774994,208.619995,209.479996,209.479996,2586700,ANET
12/5/2017,208.399994,218.639999,206.860001,211.050003,211.050003,1272100,ANET
12/6/2017,209.149994,213.960007,207.369995,212.860001,212.860001,631600,ANET
12/7/2017,214.100006,221.25,214.100006,219.860001,219.860001,901700,ANET
12/8/2017,223.360001,228.964996,222.059998,222.789993,222.789993,775500,ANET
12/11/2017,223,224.990005,219.369995,223.690002,223.690002,576800,ANET
12/12/2017,222.190002,223.300003,217.110001,218.25,218.25,706300,ANET
12/13/2017,218.440002,226.240005,218.429993,225.130005,225.130005,791200,ANET
12/14/2017,226.779999,229.179993,225.25,226.720001,226.720001,782700,ANET
12/15/2017,228.300003,232.149994,227.300003,231.029999,231.029999,1064100,ANET
12/18/2017,235,235.664993,231.399994,235.389999,235.389999,661700,ANET
12/19/2017,235.25,238.339996,235,236,236,830400,ANET
12/20/2017,237.5,238.356995,231.490005,234.149994,234.149994,576300,ANET
12/21/2017,235.389999,238.399994,235.112,235.960007,235.960007,607700,ANET
12/22/2017,236.860001,236.860001,233.369995,236.550003,236.550003,652200,ANET
12/26/2017,236.220001,236.699997,233,235.660004,235.660004,427500,ANET
12/27/2017,235.660004,240.490005,235.660004,239.5,239.5,390500,ANET
12/28/2017,239.899994,241.5,239.190002,240.639999,240.639999,416400,ANET
12/29/2017,240.649994,241.300003,235.429993,235.580002,235.580002,415700,ANET
1/2/2018,235.580002,238.630005,226.759995,231.029999,231.029999,872200,ANET
1/3/2018,232,235.75,231.559998,235.600006,235.600006,558600,ANET
1/4/2018,236.25,237.830002,231.410004,232.690002,232.690002,837000,ANET
1/5/2018,234.449997,238.460007,234.419998,236.770004,236.770004,505400,ANET
1/8/2018,239.240005,251.949997,238.509995,251.059998,251.059998,1394700,ANET
1/9/2018,251.059998,252.330002,246.5,249.979996,249.979996,706800,ANET
1/10/2018,250.139999,255.925003,249.399994,252.279999,252.279999,632100,ANET
1/11/2018,253.460007,261.809998,253.460007,260.790009,260.790009,1084500,ANET
1/12/2018,261.070007,262.839996,257.100006,259.029999,259.029999,824100,ANET
1/16/2018,261.649994,262.839996,250.164993,252.770004,252.770004,904800,ANET
1/17/2018,255.910004,264.609985,255.490005,262.809998,262.809998,919200,ANET
1/18/2018,263.480011,268.119995,263,265.190002,265.190002,642500,ANET
1/19/2018,267.869995,271.869995,267.100006,270.839996,270.839996,681700,ANET
1/22/2018,271,275.850006,268.690002,275.679993,275.679993,747600,ANET
1/23/2018,270.920013,276.210999,268.200012,273.140015,273.140015,942200,ANET
1/24/2018,274.809998,276.869995,269.269989,273.140015,273.140015,712100,ANET
1/25/2018,275.600006,279.600006,274.51001,276.76001,276.76001,527300,ANET
1/26/2018,279.459991,283.5,276.859985,283.5,283.5,496300,ANET
1/29/2018,283.5,284.76001,277.356995,277.98999,277.98999,734900,ANET
1/30/2018,273.079987,276.579987,252.009995,275.230011,275.230011,1359700,ANET
1/31/2018,276.51001,276.998993,269.040009,275.820007,275.820007,935600,ANET
2/1/2018,273.200012,276.970001,273.109985,275,275,834400,ANET
2/2/2018,272.149994,279.450012,267.119995,273.480011,273.480011,760600,ANET
2/5/2018,265.51001,279.890015,262.51001,265.369995,265.369995,1216600,ANET
2/6/2018,253.330002,274.309998,250.410004,272.380005,272.380005,1004200,ANET
2/7/2018,277.98999,289.069,275.040009,281.619995,281.619995,1156500,ANET
2/8/2018,285.01001,285.13501,264.380005,264.519989,264.519989,1152900,ANET
2/9/2018,269.570007,274.94101,258.057007,272.549988,272.549988,1149800,ANET
2/12/2018,278.149994,287.171997,277.621002,284.540009,284.540009,1270400,ANET
2/13/2018,285,292.726013,284.079987,292.579987,292.579987,1017000,ANET
2/14/2018,291,305.440002,290.959991,302.119995,302.119995,1471900,ANET
2/15/2018,306,311.670013,295.354004,307.959991,307.959991,2895800,ANET
2/16/2018,258,269,247.520004,249.490005,249.490005,8854700,ANET
2/20/2018,248,253.279999,246.110001,249.649994,249.649994,2255100,ANET
2/21/2018,249,250.559998,235.820007,238.029999,238.029999,2991500,ANET
2/22/2018,240,245.429993,239.240005,244.660004,244.660004,1600000,ANET
2/23/2018,246.350006,249.490005,240.339996,245.919998,245.919998,1302200,ANET
2/26/2018,247.570007,260,246.774994,259.850006,259.850006,1690100,ANET
2/27/2018,260,263.959991,255.75,259.140015,259.140015,1412900,ANET
2/28/2018,260,273.579987,260,269.73999,269.73999,2141100,ANET
3/1/2018,270.640015,272.399994,258.309998,263.799988,263.799988,1614600,ANET
3/2/2018,257.859985,271.950012,254.210007,271.5,271.5,1415200,ANET
3/5/2018,270,285.940002,267.299988,281.859985,281.859985,2054300,ANET
3/6/2018,283,292.5,283,288.600006,288.600006,1812600,ANET
3/7/2018,285.5,293.519989,285,291.579987,291.579987,1242200,ANET
3/8/2018,292.519989,296.859009,288,293.769989,293.769989,1110600,ANET
3/9/2018,295.109985,298,293.812012,295.149994,295.149994,922500,ANET
3/12/2018,296.690002,301.309998,295.160004,297.399994,297.399994,1207200,ANET
3/13/2018,297.880005,299.519989,288.320007,289.679993,289.679993,1199200,ANET
3/14/2018,290,299.480011,288.790009,298.5,298.5,1390900,ANET
3/15/2018,298,298.730011,293.019989,295.899994,295.899994,888200,ANET
3/16/2018,296.390015,296.945007,291.980011,293.720001,293.720001,766200,ANET
3/19/2018,276.309998,283.5,272.25,277.390015,277.390015,1893200,ANET
3/20/2018,279.540009,288.649994,278.910004,285.420013,285.420013,1148700,ANET
3/21/2018,285.200012,286.410004,281.170013,282.700012,282.700012,615600,ANET
3/22/2018,278.100006,281.899994,273,273.73999,273.73999,934800,ANET
3/23/2018,274.109985,275.778992,262.109985,264.209991,264.209991,1226000,ANET
3/26/2018,271.01001,273.019989,262.321014,270.980011,270.980011,1042900,ANET
3/27/2018,272.940002,274.950012,252.550995,253.699997,253.699997,1400700,ANET
3/28/2018,252.110001,253.188995,243.169998,245.139999,245.139999,1785300,ANET
3/29/2018,248.009995,258.5,244.470001,255.300003,255.300003,1250100,ANET
4/2/2018,253.460007,259.160004,248.718994,253.509995,253.509995,1060300,ANET
4/3/2018,256.5,257.399994,250.039993,253.509995,253.509995,974300,ANET
4/4/2018,246.279999,259.690002,245.100006,258.959991,258.959991,846500,ANET
4/5/2018,262.869995,271.440002,261.100006,262.73999,262.73999,1168200,ANET
4/6/2018,257.690002,261.98999,256.070007,258.720001,258.720001,827100,ANET
4/9/2018,262.549988,266.100006,259.5,259.5,259.5,551500,ANET
4/10/2018,265.269989,268.850006,263.380005,267.190002,267.190002,735200,ANET
4/11/2018,265.279999,269.529999,265.279999,266.579987,266.579987,503600,ANET
4/12/2018,268,272.100006,267.98999,268.890015,268.890015,632400,ANET
4/13/2018,258.019989,258.338989,241.320007,244.199997,244.199997,2805000,ANET
4/16/2018,246.649994,247.692993,238.699997,239.440002,239.440002,1526600,ANET
4/17/2018,241,258.600006,240.550003,256.799988,256.799988,2038700,ANET
4/18/2018,256.23999,259.190002,249.630005,258.5,258.5,730200,ANET
4/19/2018,255.669998,257.459991,250.710007,256.369995,256.369995,729900,ANET
4/20/2018,257.279999,263.399994,255.470001,260.649994,260.649994,658300,ANET
4/23/2018,261.980011,261.980011,252.009995,254.179993,254.179993,695700,ANET
4/24/2018,257.98999,264,248.600006,252.059998,252.059998,965100,ANET
4/25/2018,251.490005,256.220001,247.207993,253.020004,253.020004,646300,ANET
4/26/2018,255.570007,259.779999,255.039993,259.51001,259.51001,559200,ANET
4/27/2018,262.619995,266.649994,259.98999,262.75,262.75,721900,ANET
4/30/2018,264.179993,267.480011,261.309998,264.549988,264.549988,834600,ANET
5/1/2018,264.549988,265.359985,260.529999,265.269989,265.269989,679300,ANET
5/2/2018,267.480011,272.540009,265.410004,265.459991,265.459991,891100,ANET
5/3/2018,262.329987,270.75,260.220001,267.850006,267.850006,1187800,ANET
5/4/2018,243.899994,248.990005,235.240005,245.050003,245.050003,3386600,ANET
5/7/2018,247.100006,254.820007,245.429993,252.360001,252.360001,1636800,ANET
5/8/2018,251.169998,260.529999,251.130005,259.290009,259.290009,1140700,ANET
5/9/2018,260.420013,261.100006,256.559998,259.420013,259.420013,870500,ANET
5/10/2018,259.799988,262.190002,259,260.660004,260.660004,1223500,ANET
5/11/2018,260,260.799988,256.01001,259.910004,259.910004,586700,ANET
5/14/2018,258.410004,260.5,252.679993,253.520004,253.520004,1057000,ANET
5/15/2018,251.339996,253.440002,248.25,249.550003,249.550003,735200,ANET
5/16/2018,249.240005,250.813995,246.600006,249.130005,249.130005,629100,ANET
5/17/2018,248,249.130005,243.619995,247.470001,247.470001,1338200,ANET
5/18/2018,248,250.080002,247.335007,248.089996,248.089996,481300,ANET
5/21/2018,249.740005,255.800003,249.740005,254.25,254.25,934500,ANET
5/22/2018,253.100006,257.100006,249.5,249.619995,249.619995,804200,ANET
5/23/2018,248.720001,256.13501,248,255.979996,255.979996,675000,ANET
5/24/2018,255.779999,255.779999,250.050003,252.610001,252.610001,512600,ANET
5/25/2018,253.440002,256.899994,252.600998,255.75,255.75,531200,ANET
5/29/2018,254,259.5,253.240005,255.860001,255.860001,1068800,ANET
5/30/2018,256.399994,257.5,251.451004,251.649994,251.649994,892000,ANET
5/31/2018,253.479996,256.130005,251.199997,251.559998,251.559998,885000,ANET
6/1/2018,252.660004,262.98999,252.520004,261.220001,261.220001,1065900,ANET
6/4/2018,262.5,269,261.390015,268.279999,268.279999,939700,ANET
6/5/2018,268.299988,276.589996,267.26001,274.75,274.75,1302900,ANET
6/6/2018,275.380005,280.579987,275.369995,278.26001,278.26001,1252800,ANET
6/7/2018,278.5,279.25,269.429993,270.899994,270.899994,774200,ANET
6/8/2018,270.679993,274.709991,268.601013,273.75,273.75,514900,ANET
6/11/2018,273.75,276.674988,270.519989,271.679993,271.679993,1022800,ANET
6/12/2018,272.809998,276.470001,272.410004,274.640015,274.640015,555000,ANET
6/13/2018,276.589996,282.10199,275.380005,281.140015,281.140015,847900,ANET
6/14/2018,280.809998,284.549988,279.51001,281.119995,281.119995,762000,ANET
6/15/2018,279.429993,287,277.850006,286.619995,286.619995,1364500,ANET
6/18/2018,282.559998,283.649994,274.029999,279.220001,279.220001,1002100,ANET
6/19/2018,273.649994,277.929993,271.390015,273.799988,273.799988,747800,ANET
6/20/2018,276.619995,287.119995,276.619995,283.73999,283.73999,1027400,ANET
6/21/2018,284.390015,285.75,278.440002,279.320007,279.320007,484700,ANET
6/22/2018,280.980011,280.980011,269.309998,272.649994,272.649994,1111700,ANET
6/25/2018,268.670013,270,257.410004,259.880005,259.880005,1347600,ANET
6/26/2018,260.130005,265.255005,259.100006,262.380005,262.380005,718200,ANET
6/27/2018,262.75,264.480011,253.720001,254.289993,254.289993,914400,ANET
6/28/2018,253,260.559998,252.858002,258.269989,258.269989,551900,ANET
6/29/2018,259.899994,260.714996,256.76001,257.48999,257.48999,412800,ANET
7/2/2018,254.979996,261.450012,253.089996,261.359985,261.359985,441000,ANET
7/3/2018,262.200012,262.329987,255.449997,255.869995,255.869995,393300,ANET
7/5/2018,257.98999,258.684998,252.25,257.910004,257.910004,516900,ANET
7/6/2018,258.910004,263.929993,257.920013,262.390015,262.390015,314600,ANET
7/9/2018,269.869995,274.970001,265.609985,270.459991,270.459991,751100,ANET
7/10/2018,272,272,267.730011,268.549988,268.549988,377800,ANET
7/11/2018,265,270.959015,263.570007,269.320007,269.320007,386500,ANET
7/12/2018,271.890015,279.179993,270.674988,278.359985,278.359985,520900,ANET
7/13/2018,278.299988,278.359985,261.160004,266.48999,266.48999,1423900,ANET
7/16/2018,266.5,274.75,266.5,270.839996,270.839996,708400,ANET
7/17/2018,270.690002,274.76001,266.899994,273.880005,273.880005,288000,ANET
7/18/2018,273.880005,275.850006,273.079987,274.690002,274.690002,318100,ANET
7/19/2018,277.369995,281.200012,275.382996,276.25,276.25,586600,ANET
7/20/2018,277,277.809998,268.549988,268.839996,268.839996,568700,ANET
7/23/2018,269.48999,270.869995,263.5,268.390015,268.390015,574200,ANET
7/24/2018,270.390015,272.200012,262.980011,266.299988,266.299988,587400,ANET
7/25/2018,266.029999,275.980011,266.029999,274.309998,274.309998,520200,ANET
7/26/2018,272.619995,279.320007,269.26001,276.279999,276.279999,503200,ANET
7/27/2018,275.549988,276.890015,266.89801,271.279999,271.279999,734900,ANET
7/30/2018,270.149994,270.769989,255.080002,257.859985,257.859985,914800,ANET
7/31/2018,257.76001,262.869995,253.509995,255.729996,255.729996,990400,ANET
8/1/2018,256.5,263.480011,256.001007,262.600006,262.600006,645500,ANET
8/2/2018,261.649994,271.850006,260.515991,271.850006,271.850006,1379300,ANET
8/3/2018,269.420013,269.420013,256.540009,257.540009,257.540009,1930200,ANET
8/6/2018,258.5,272.190002,258.5,271.329987,271.329987,1224300,ANET
8/7/2018,271.549988,273.75,267.51001,268.809998,268.809998,685100,ANET
8/8/2018,269.829987,269.829987,263.100006,264.559998,264.559998,725900,ANET
8/9/2018,264.079987,272.76001,263.75,269.339996,269.339996,687200,ANET
8/10/2018,268.459991,270.630005,266.769989,268.850006,268.850006,439700,ANET
8/13/2018,268.859985,273.350006,267.480011,269.279999,269.279999,449800,ANET
8/14/2018,271.660004,274.253998,268.700012,271.459991,271.459991,700700,ANET
8/15/2018,269.679993,272.600006,262.519989,265.579987,265.579987,628700,ANET
8/16/2018,268.829987,275.494995,267.484985,267.929993,267.929993,706500,ANET
8/17/2018,265.769989,270.475006,265.769989,269.040009,269.040009,457400,ANET
8/20/2018,269.549988,274.5,268.13501,273.720001,273.720001,498900,ANET
8/21/2018,272.5,277.149994,271.324005,271.829987,271.829987,562800,ANET
8/22/2018,272.100006,278.954987,269.665009,277.359985,277.359985,584600,ANET
8/23/2018,276.910004,283.420013,275.01001,282.609985,282.609985,814700,ANET
8/24/2018,295.839996,313.367004,294.920013,308.579987,308.579987,4082400,ANET
8/27/2018,308.579987,312.5,300.600006,304.790009,304.790009,11162000,ANET
8/28/2018,305,306.73999,302.13501,304.200012,304.200012,1699000,ANET
8/29/2018,303.350006,306.059998,300.936005,302.190002,302.190002,1255700,ANET
8/30/2018,300.720001,302.740997,294.450012,297.869995,297.869995,1012200,ANET
8/31/2018,296,302.329987,295.440002,298.980011,298.980011,808300,ANET
9/4/2018,288.899994,294,286.25,289.820007,289.820007,2026000,ANET
9/5/2018,288.459991,289.089996,271.140015,272.290009,272.290009,1810000,ANET
9/6/2018,274,276.959991,265.220001,267.769989,267.769989,1302900,ANET
9/7/2018,267.790009,272.309998,264,267.049988,267.049988,1111600,ANET
9/10/2018,268.73999,269.980011,264.910004,269.01001,269.01001,1178800,ANET
9/11/2018,267.589996,271.25,265.640015,267.209991,267.209991,836900,ANET
9/12/2018,266.859985,268.209991,261.790009,267.850006,267.850006,862900,ANET
9/13/2018,268.98999,272,267.959991,270.059998,270.059998,828300,ANET
9/14/2018,271,273.690002,269.380005,271.25,271.25,1006500,ANET
9/17/2018,271.869995,272.279999,264.559998,265.079987,265.079987,675700,ANET
9/18/2018,265.299988,269.350006,265.299988,267.160004,267.160004,732200,ANET
9/19/2018,268.049988,271.380005,267.200989,270.200012,270.200012,849900,ANET
9/20/2018,272.640015,274.049988,270.200012,273.049988,273.049988,745300,ANET
9/21/2018,274,275,268.440002,269.290009,269.290009,1815600,ANET
9/24/2018,268.279999,275.230011,265.019989,274.209991,274.209991,711600,ANET
9/25/2018,275.179993,276,272.5,274.559998,274.559998,518800,ANET
9/26/2018,273.019989,273.899994,263.369995,263.869995,263.869995,1235700,ANET
9/27/2018,264.890015,268.410004,263.700012,265.329987,265.329987,832900,ANET
9/28/2018,265.299988,269,264.714996,265.859985,265.859985,476000,ANET
10/1/2018,267.209991,268.820007,258.470001,259.640015,259.640015,1121600,ANET
10/2/2018,258.079987,259.839996,255.320007,256.149994,256.149994,733500,ANET
10/3/2018,257,262.559998,255.740005,261.429993,261.429993,597800,ANET
10/4/2018,260.76001,261.415009,255.490005,257.73999,257.73999,607300,ANET
10/5/2018,256.549988,261.98999,247.169998,251.270004,251.270004,1023900,ANET
10/8/2018,250.440002,251.610001,239.214005,243.210007,243.210007,1190900,ANET
10/9/2018,242.279999,244.990005,235.529999,238.649994,238.649994,1157400,ANET
10/10/2018,237.179993,237.990005,225.264999,225.789993,225.789993,1614300,ANET
10/11/2018,217.949997,224.199997,214.100006,215.460007,215.460007,2212100,ANET
10/12/2018,221.809998,225.679993,217.955002,222.369995,222.369995,1454400,ANET
10/15/2018,230.360001,232.770004,220.5,220.830002,220.830002,1301200,ANET
10/16/2018,223.449997,234.375,223.449997,233.580002,233.580002,1246100,ANET
10/17/2018,243.990005,247.479996,233.770004,238.949997,238.949997,1182800,ANET
10/18/2018,236.809998,237.979996,230.160004,233.089996,233.089996,795400,ANET
10/19/2018,234.839996,236.210007,227.300003,229.759995,229.759995,913700,ANET
10/22/2018,231.360001,234.369995,227.289993,232.179993,232.179993,814100,ANET
10/23/2018,226.770004,235,221.649994,232.830002,232.830002,957000,ANET
10/24/2018,231.550003,237.009995,223.589996,223.820007,223.820007,996100,ANET
10/25/2018,226.720001,232.75,224.720001,230.690002,230.690002,807100,ANET
10/26/2018,225,225.779999,217.029999,219.529999,219.529999,1271500,ANET
10/29/2018,224.110001,226.149994,213.110001,217.860001,217.860001,953300,ANET
10/30/2018,218.130005,228.630005,215.600006,228.460007,228.460007,915200,ANET
10/31/2018,233.5,238.679993,230.300003,230.350006,230.350006,1152200,ANET
11/1/2018,232.770004,242.320007,231.119995,240.960007,240.960007,1346200,ANET
11/2/2018,260.910004,269.487,245.440002,257.769989,257.769989,3090300,ANET
11/5/2018,256.670013,257.480011,248.100006,248.960007,248.960007,953700,ANET
11/6/2018,248,252.294998,241.440002,245.110001,245.110001,900700,ANET
11/7/2018,246.979996,254.380997,246.259995,253.550003,253.550003,762500,ANET
11/8/2018,252.080002,255.309998,248.699997,252.199997,252.199997,523700,ANET
11/9/2018,250.929993,251.190002,241,244.429993,244.429993,778300,ANET
11/12/2018,243.389999,245,234.660004,236.619995,236.619995,834800,ANET
11/13/2018,238.080002,240.845001,232.369995,236.360001,236.360001,726100,ANET
11/14/2018,238.559998,240,228.988998,229.490005,229.490005,881400,ANET
11/15/2018,229.690002,244.929993,229.675003,244.199997,244.199997,1283700,ANET
11/16/2018,241.850006,243,237.949997,239.369995,239.369995,716100,ANET
11/19/2018,239.110001,239.179993,221.509995,223,223,896600,ANET
11/20/2018,213,223.634995,210.552994,219.380005,219.380005,998300,ANET
11/21/2018,222.679993,228.649994,218.304993,219.020004,219.020004,701600,ANET
11/23/2018,217,222.865005,215.970001,219.240005,219.240005,235200,ANET
11/26/2018,223.300003,227,219.380005,226.369995,226.369995,503500,ANET
11/27/2018,224.929993,226.649994,223.225006,224.740005,224.740005,424800,ANET
11/28/2018,228.479996,236,227.169998,235.399994,235.399994,687400,ANET
11/29/2018,234.990005,238.100006,231.009995,236.309998,236.309998,578600,ANET
11/30/2018,236.410004,239.205002,233.520004,238.479996,238.479996,755500,ANET
12/3/2018,247.5,248.979996,242.149994,243.889999,243.889999,892600,ANET
12/4/2018,242.020004,244.274994,229.619995,229.729996,229.729996,806600,ANET
12/6/2018,228.619995,238.649994,225,238.429993,238.429993,1310700,ANET
12/7/2018,238.179993,240.990005,223.710007,225.089996,225.089996,830000,ANET
12/10/2018,224.589996,231.975006,223.102997,229.770004,229.770004,701300,ANET
12/11/2018,231.5,235.889999,227.740005,229.119995,229.119995,701000,ANET
12/12/2018,234.160004,236.339996,231.509995,231.990005,231.990005,529300,ANET
12/13/2018,233.5,235.210007,227.910004,228.710007,228.710007,449700,ANET
12/14/2018,224.820007,226.052002,219.707001,220.410004,220.410004,629300,ANET
12/17/2018,219,220,208.360001,210.169998,210.169998,1298200,ANET
12/18/2018,210.990005,213.770004,207.820007,212.089996,212.089996,1100000,ANET
12/19/2018,213.070007,216.309998,200.399994,202.050003,202.050003,966600,ANET
12/20/2018,201.039993,203.589996,192.270004,197.210007,197.210007,1275700,ANET
12/21/2018,198.100006,202.850006,191.759995,193.169998,193.169998,1439900,ANET
12/24/2018,188.339996,194.175003,187.080002,188.899994,188.899994,446800,ANET
12/26/2018,190.300003,200.960007,189.800003,200.520004,200.520004,739400,ANET
12/27/2018,198,204.919998,195.770004,204.830002,204.830002,775500,ANET
12/28/2018,207.210007,209.770996,202.800003,205.759995,205.759995,752200,ANET
12/31/2018,207.779999,210.699997,205.979996,210.699997,210.699997,742300,ANET
1/2/2019,205,213.419998,202.350006,210.550003,210.550003,652100,ANET
1/3/2019,205.389999,207.970001,199.205002,199.600006,199.600006,800600,ANET
1/4/2019,204.289993,204.839996,200.679993,202.470001,202.470001,1185000,ANET
1/7/2019,209.149994,213.440002,205.619995,209.919998,209.919998,1320800,ANET
1/8/2019,213.669998,215.119995,210.380005,214.279999,214.279999,763900,ANET
1/9/2019,215.210007,218.949997,214.029999,216.949997,216.949997,571600,ANET
1/10/2019,215.320007,219.134003,214.100006,217.960007,217.960007,408300,ANET
1/11/2019,215.960007,218.940002,214.009995,218.100006,218.100006,406000,ANET
1/14/2019,216.089996,217.899994,214.490005,215.580002,215.580002,422200,ANET
1/15/2019,216.440002,223.5,216.440002,222.850006,222.850006,706700,ANET
1/16/2019,222.880005,227.25,220.929993,221.240005,221.240005,527000,ANET
1/17/2019,219.789993,222.149994,219.639999,221.029999,221.029999,686800,ANET
1/18/2019,229.190002,233.160004,225,232.080002,232.080002,1465700,ANET
1/22/2019,230,230.240005,221.669998,222.990005,222.990005,823800,ANET
1/23/2019,224.979996,227.227005,220.009995,222.289993,222.289993,449700,ANET
1/24/2019,222.529999,226.899994,222.529999,226.449997,226.449997,406900,ANET
1/25/2019,227.979996,228.800003,226.009995,227.259995,227.259995,746800,ANET
1/28/2019,223.5,223.509995,211.339996,215.320007,215.320007,1161600,ANET
1/29/2019,215.149994,216.009995,205.399994,206.419998,206.419998,1016900,ANET
1/30/2019,209,210.729996,204.934998,210.240005,210.240005,834000,ANET
1/31/2019,210.5,216.070007,210.25,214.779999,214.779999,614000,ANET
2/1/2019,215.330002,222.809998,215.270004,220.5,220.5,853300,ANET
2/4/2019,220.080002,221.917007,217.160004,218.429993,218.429993,501800,ANET
2/5/2019,218.889999,226,218.889999,224.029999,224.029999,660500,ANET
2/6/2019,224.460007,227,222.770004,224.669998,224.669998,529800,ANET
2/7/2019,222.839996,224,218.399994,220.279999,220.279999,400300,ANET
2/8/2019,218.440002,226.389999,218.440002,226.339996,226.339996,707700,ANET
2/11/2019,227.729996,230.800003,227.240005,229.179993,229.179993,727300,ANET
2/12/2019,231.320007,239.399994,230.630005,238.449997,238.449997,1351100,ANET
2/13/2019,240,240.5,233.764999,236.399994,236.399994,977200,ANET
2/14/2019,236.770004,242.339996,236.052994,240.779999,240.779999,1586300,ANET
2/15/2019,259.75,268.613007,254.800003,263.950012,263.950012,4090100,ANET
2/19/2019,264.589996,272.720001,263.679993,269.579987,269.579987,1911100,ANET
2/20/2019,270.170013,274.815002,267.220001,270.720001,270.720001,1128600,ANET
2/21/2019,268.190002,271.869995,266.54599,270.5,270.5,689700,ANET
2/22/2019,271.880005,275.350006,270.820007,274.970001,274.970001,746400,ANET
2/25/2019,278.5,283.01001,278.5,279.299988,279.299988,874300,ANET
2/26/2019,278.25,281.859985,278.25,280.529999,280.529999,654800,ANET
2/27/2019,280.5,285,280.100006,283.98999,283.98999,690600,ANET
2/28/2019,283.98999,286.549988,281.964996,285.25,285.25,660400,ANET
3/1/2019,287.600006,288.48999,283.829987,286.540009,286.540009,837900,ANET
3/4/2019,288,289.769989,279.462006,284.399994,284.399994,787400,ANET
3/5/2019,284.779999,285.220001,276.040009,277.779999,277.779999,1087700,ANET
3/6/2019,277.109985,279,268.730011,275.100006,275.100006,896200,ANET
3/7/2019,275.540009,278,271.420013,276.230011,276.230011,550900,ANET
3/8/2019,269.519989,275.329987,266.630005,274.549988,274.549988,555600,ANET
3/11/2019,275.230011,283.529999,275.230011,281.799988,281.799988,568800,ANET
3/12/2019,283.040009,287.279999,281.220001,285.089996,285.089996,715000,ANET
3/13/2019,288.859985,296,287.100006,292.51001,292.51001,1145500,ANET
3/14/2019,291.809998,293.964996,289.821991,292.609985,292.609985,509700,ANET
3/15/2019,294.799988,299.589996,293.329987,296.76001,296.76001,1026500,ANET
3/18/2019,296.76001,304.970001,294.821991,299.200012,299.200012,1042100,ANET
3/19/2019,300.48999,300.75,294.600006,295.179993,295.179993,904500,ANET
3/20/2019,297.549988,300.019989,294.940002,298.450012,298.450012,592200,ANET
3/21/2019,304.609985,316.670013,303.160004,315.019989,315.019989,1665100,ANET
3/22/2019,312.329987,314.899994,299.589996,300.160004,300.160004,1134800,ANET
3/25/2019,298.119995,302.399994,295.179993,301.230011,301.230011,624200,ANET
3/26/2019,305.600006,314.278015,305.559998,309.799988,309.799988,959000,ANET
3/27/2019,310.980011,314.079987,305.529999,311.329987,311.329987,785800,ANET
3/28/2019,312.23999,315.179993,309.929993,312.299988,312.299988,632500,ANET
3/29/2019,314.950012,316.234985,311.700012,314.459991,314.459991,670000,ANET
4/1/2019,318.73999,319.410004,314.700012,318.359985,318.359985,794600,ANET
4/2/2019,318.959991,320.880005,317.049988,318.429993,318.429993,645600,ANET
4/3/2019,322.769989,325,319.649994,321.75,321.75,770600,ANET
4/4/2019,322,323.980011,310.470001,313.149994,313.149994,960800,ANET
4/5/2019,314.320007,315.940002,310.964996,311.059998,311.059998,877000,ANET
4/8/2019,310.209991,317.070007,306.463013,316.899994,316.899994,588700,ANET
4/9/2019,315.799988,319.309998,314.247986,317.190002,317.190002,442600,ANET
4/10/2019,317.649994,323.01001,317.595001,322.25,322.25,637300,ANET
4/11/2019,324,324,319.200012,322.230011,322.230011,550800,ANET
4/12/2019,325,326.494995,323.119995,324.769989,324.769989,464900,ANET
4/15/2019,324.910004,329.25,324.290009,327.339996,327.339996,543700,ANET
4/16/2019,329.51001,330.529999,326.76001,328.540009,328.540009,597900,ANET
4/17/2019,331,331.269989,326.229004,328.040009,328.040009,530200,ANET
4/18/2019,328.459991,329.339996,320.119995,323.380005,323.380005,769800,ANET
4/22/2019,323,328.5,322.230011,327.600006,327.600006,515500,ANET
4/23/2019,322.730011,326.009003,315.640015,321.059998,321.059998,1103500,ANET
4/24/2019,321.149994,328.256989,321.149994,325.230011,325.230011,784100,ANET
4/25/2019,323.570007,324.609985,314.399994,318.109985,318.109985,703900,ANET
4/26/2019,317.089996,322.25,316.230011,320.399994,320.399994,629500,ANET
4/29/2019,321.429993,322.829987,316.549988,316.880005,316.880005,711500,ANET
4/30/2019,315.619995,316.065002,306.950012,312.290009,312.290009,1269800,ANET
5/1/2019,314.880005,316.220001,310.410004,310.459991,310.459991,853400,ANET
5/2/2019,309.26001,315.664001,308.359985,310.850006,310.850006,1423500,ANET
5/3/2019,261.899994,278.440002,251,278.410004,278.410004,5828600,ANET
5/6/2019,268,273.399994,262,273.309998,273.309998,2337800,ANET
5/7/2019,270.570007,271.143005,261.187012,265.670013,265.670013,1644500,ANET
5/8/2019,265.679993,269.744995,261.799988,266.25,266.25,1332300,ANET
5/9/2019,263.329987,268.690002,259.5,267.429993,267.429993,1099000,ANET
5/10/2019,265.809998,267.880005,258.23999,264.220001,264.220001,1153500,ANET
5/13/2019,256.440002,258.140015,243.393005,243.899994,243.899994,1721400,ANET
5/14/2019,247.520004,252.729996,246.5,248.880005,248.880005,1483700,ANET
5/15/2019,246.910004,250.050003,246,248.699997,248.699997,881100,ANET
5/16/2019,251.190002,255.25,250.399994,253.619995,253.619995,788000,ANET
5/17/2019,249.820007,253.945007,248.589996,250.119995,250.119995,1309700,ANET
5/20/2019,247.5,248.259995,242.639999,244.949997,244.949997,795200,ANET
5/21/2019,246.279999,253.949997,246.279999,252.949997,252.949997,1134900,ANET
5/22/2019,252,255.337997,251.240005,253.139999,253.139999,848500,ANET
5/23/2019,249.070007,255.279999,248.149994,254.380005,254.380005,1162600,ANET
5/24/2019,256.869995,259.47699,254.779999,255.940002,255.940002,875000,ANET
5/28/2019,256.519989,259.160004,252.904999,253.339996,253.339996,567200,ANET
5/29/2019,250.759995,251.710007,245.770004,247.5,247.5,623000,ANET
5/30/2019,249.820007,251.330002,246.669998,247.970001,247.970001,409600,ANET
5/31/2019,244.119995,246.889999,243.350006,244.589996,244.589996,692200,ANET
6/3/2019,243.740005,246.929993,240.679993,241.360001,241.360001,1064100,ANET
6/4/2019,245.039993,254.860001,244.266998,254.710007,254.710007,835100,ANET
6/5/2019,257.790009,263.730011,254.910004,263.630005,263.630005,1489600,ANET
6/6/2019,264.100006,265.910004,253.589996,257.179993,257.179993,1109000,ANET
6/7/2019,250.660004,251,236.539993,246.440002,246.440002,2086700,ANET
6/10/2019,247.839996,255.729996,247.839996,250.070007,250.070007,1119600,ANET
6/11/2019,252,254.070007,241.115005,243,243,844800,ANET
6/12/2019,242.679993,246.951004,242.449997,243.880005,243.880005,679200,ANET
6/13/2019,245.720001,245.720001,239.889999,242.009995,242.009995,1246200,ANET
6/14/2019,240.5,241.5,232.300003,236.080002,236.080002,946200,ANET
6/17/2019,236.889999,241.179993,236.889999,238.600006,238.600006,902300,ANET
6/18/2019,241.300003,247.25,241.300003,242.059998,242.059998,686000,ANET
6/19/2019,244.020004,245.910004,242.059998,243.160004,243.160004,632900,ANET
6/20/2019,248,250.5,244.029999,248.729996,248.729996,705200,ANET
6/21/2019,248.929993,254.610001,248.080002,253.389999,253.389999,1477500,ANET
6/24/2019,253.279999,255.25,250.919006,252.089996,252.089996,869500,ANET
6/25/2019,251.710007,251.899994,245.410004,246.380005,246.380005,574700,ANET
6/26/2019,250.779999,257.970001,249,255.309998,255.309998,1437100,ANET
6/27/2019,256.790009,262.579987,256.640015,257.98999,257.98999,1149500,ANET
6/28/2019,259,260.440002,254.880005,259.619995,259.619995,813900,ANET
7/1/2019,265.470001,266.954987,261.350006,262.839996,262.839996,664800,ANET
7/2/2019,262.829987,265.950012,261.380005,265.299988,265.299988,570100,ANET
7/3/2019,265.880005,268.940002,264.649994,268.859985,268.859985,830700,ANET
7/5/2019,268.100006,271.130005,265.950012,270.73999,270.73999,571600,ANET
7/8/2019,269.459991,269.76001,266.149994,268,268,615000,ANET
7/9/2019,265.98999,271.140015,265.299988,270.549988,270.549988,525600,ANET
7/10/2019,272.170013,274.388,269.589996,270.390015,270.390015,463600,ANET
7/11/2019,271.359985,272.540009,268.369995,271.899994,271.899994,535900,ANET
7/12/2019,272,276.119995,272,274.26001,274.26001,456700,ANET
7/15/2019,276.309998,278.200012,274.484985,277.640015,277.640015,640700,ANET
7/16/2019,276,277.98999,272.63501,275.51001,275.51001,639900,ANET
7/17/2019,275.619995,280.625,275.102997,277.429993,277.429993,597100,ANET
7/18/2019,277.279999,278.494995,273.410004,275.48999,275.48999,737400,ANET
7/19/2019,282.119995,287.609985,278.540009,282.73999,282.73999,1033500,ANET
7/22/2019,283.820007,289.450012,282.73999,287.359985,287.359985,672200,ANET
7/23/2019,288.450012,288.799988,273.910004,276.350006,276.350006,1280400,ANET
7/24/2019,277.029999,279.850006,276.470001,279.190002,279.190002,756000,ANET
7/25/2019,278.649994,278.98999,262.700012,267.410004,267.410004,1263800,ANET
7/26/2019,268.779999,273.820007,266.540009,272.980011,272.980011,677500,ANET
7/29/2019,272.5,272.670013,266.282013,272.230011,272.230011,671500,ANET
7/30/2019,272.23999,275.869995,269.559998,274.279999,274.279999,642900,ANET
7/31/2019,274.299988,279.23999,271.144989,273.450012,273.450012,687400,ANET
8/1/2019,273.220001,278.470001,268.369995,272.220001,272.220001,1178800,ANET
8/2/2019,254.75,255,240.229996,244.119995,244.119995,2991400,ANET
8/5/2019,236.990005,238,229.050003,230.949997,230.949997,1503900,ANET
8/6/2019,235.509995,236.899994,230.199997,235.820007,235.820007,948600,ANET
8/7/2019,230.970001,235.320007,230.179993,235,235,765000,ANET
8/8/2019,237.740005,240.759995,234.139999,234.490005,234.490005,949200,ANET
8/9/2019,232.75,232.75,226.190002,228.729996,228.729996,1222300,ANET
8/12/2019,227.029999,227.378006,223.001007,224.470001,224.470001,717500,ANET
8/13/2019,224.479996,233.990005,223,230.820007,230.820007,807400,ANET
8/14/2019,226.070007,226.970001,218.350006,219.429993,219.429993,1139200,ANET
8/15/2019,219.130005,220,214.050003,216.690002,216.690002,1116700,ANET
8/16/2019,219,222.570007,218.940002,221.179993,221.179993,769400,ANET
8/19/2019,226,226.899994,222.919998,223.470001,223.470001,662900,ANET
8/20/2019,222.309998,223.300003,219,219.190002,219.190002,551500,ANET
8/21/2019,222.330002,227,221.009995,226.539993,226.539993,737000,ANET
8/22/2019,227.860001,229,225.869995,227.279999,227.279999,657400,ANET
8/23/2019,226.259995,229.384003,222.559998,223.399994,223.399994,781200,ANET
8/26/2019,225.979996,226.820007,220.729996,223.199997,223.199997,429300,ANET
8/27/2019,224.369995,224.949997,220.720001,223.779999,223.779999,520600,ANET
8/28/2019,221.550003,224.25,219.410004,222.479996,222.479996,496400,ANET
8/29/2019,225.759995,229.889999,224.529999,227.410004,227.410004,464000,ANET
8/30/2019,227,228.119995,223.781998,226.619995,226.619995,545000,ANET
9/3/2019,225.899994,228.5,222.106995,224.289993,224.289993,445900,ANET
9/4/2019,225.690002,227.940002,225.110001,226.229996,226.229996,594000,ANET
9/5/2019,229.410004,236.419998,228.923004,235.380005,235.380005,737900,ANET
9/6/2019,236,237.264008,234.009995,235.699997,235.699997,558600,ANET
9/9/2019,237.360001,238.507004,227.830002,231.130005,231.130005,720500,ANET
9/10/2019,229.789993,238,227.460007,237.940002,237.940002,703800,ANET
9/11/2019,239,247.059998,238,246.809998,246.809998,896500,ANET
9/12/2019,247.600006,251.389999,247.520004,249.940002,249.940002,1001500,ANET
9/13/2019,249.25,250,243.279999,243.759995,243.759995,607000,ANET
9/16/2019,241.589996,246.093002,240.820007,244.190002,244.190002,340100,ANET
9/17/2019,242.759995,245.979996,242.009995,244.449997,244.449997,620500,ANET
9/18/2019,245.899994,247.410004,243.539993,246.600006,246.600006,709400,ANET
9/19/2019,246.720001,251.854996,243.449997,244.130005,244.130005,610400,ANET
9/20/2019,245.479996,245.850006,239.449997,240.059998,240.059998,777000,ANET
9/23/2019,240.080002,243.149994,238.539993,240.75,240.75,589200,ANET
9/24/2019,243.240005,243.279999,235.718994,238.039993,238.039993,607200,ANET
9/25/2019,237.320007,242.289993,233.029999,241.559998,241.559998,441100,ANET
9/26/2019,240.339996,244.720001,237.830002,244.009995,244.009995,377900,ANET
9/27/2019,245,247.720001,240.729996,242.779999,242.779999,417200,ANET
9/30/2019,242.779999,243.039993,238.380005,238.919998,238.919998,745000,ANET
10/1/2019,240.270004,241.490005,229.5,230.350006,230.350006,723300,ANET
10/2/2019,227.479996,228.690002,222.354996,228.330002,228.330002,589200,ANET
10/3/2019,220.919998,224.339996,215.259995,224.339996,224.339996,923300,ANET
10/4/2019,224.389999,228.910004,224.179993,228.570007,228.570007,330300,ANET
10/7/2019,230.050003,232.550003,229.470001,230.940002,230.940002,355500,ANET
10/8/2019,230.080002,231.410004,225.106995,229.100006,229.100006,443500,ANET
10/9/2019,231.009995,231.919998,227.509995,230.029999,230.029999,462900,ANET
10/10/2019,228.559998,228.869995,225.5,227.720001,227.720001,687500,ANET
10/11/2019,232.720001,238.740005,230.755997,236.440002,236.440002,557100,ANET
10/14/2019,236.369995,236.944,233.309998,234.770004,234.770004,321400,ANET
10/15/2019,235.910004,243.580002,235.419998,240.970001,240.970001,493100,ANET
10/16/2019,238.770004,239.990005,235.589996,239.080002,239.080002,445700,ANET
10/17/2019,240.210007,241.770004,238.119995,241.509995,241.509995,394700,ANET
10/18/2019,239.619995,241.123001,237.100006,239.429993,239.429993,358500,ANET
10/21/2019,242.270004,246.169998,241.229996,243.839996,243.839996,463500,ANET
10/22/2019,245.559998,246.119995,239.940002,241.5,241.5,471900,ANET
10/23/2019,241.860001,246.781998,240,246.610001,246.610001,372700,ANET
10/24/2019,246.009995,246.399994,234.695007,239.320007,239.320007,812500,ANET
10/25/2019,242.600006,245.259995,240.009995,244.360001,244.360001,709300,ANET
